episode,total_reward,renewable_ratio,total_cost,blackout_energy,epsilon,loss_mean,eval_reward
1,-201.0106,0.671,2.5867,41.6092,0.995,0.0,
2,-145.7279,0.7132,3.0945,30.2444,0.99,0.0,
3,-185.9683,0.7422,-1.1815,40.6558,0.9851,7.34233,
4,-214.096,0.7061,-2.1811,44.8282,0.9801,7.210232,
5,-167.2066,0.7167,1.255,35.6294,0.9752,6.872518,
6,-179.6415,0.7373,0.5738,39.2129,0.9704,6.990453,
7,-67.8471,0.743,6.3087,14.1521,0.9655,6.74622,
8,-198.3016,0.7125,-0.5098,41.3735,0.9607,6.02805,
9,-220.2072,0.6743,1.3983,45.5157,0.9559,6.73649,
10,-160.398,0.7411,0.1914,34.7886,0.9511,6.31648,
11,-78.7958,0.7256,5.536,18.1962,0.9464,6.375214,
12,-136.8194,0.7378,2.9053,28.1552,0.9416,5.948813,
13,-215.5683,0.7034,-0.9033,45.6828,0.9369,5.203487,
14,-186.8861,0.6874,3.1526,38.8142,0.9322,4.631485,
15,-194.0371,0.7023,2.7035,40.3591,0.9276,4.308166,
16,-118.1756,0.7357,1.6449,26.2925,0.9229,3.94208,
17,-108.6489,0.7434,2.5776,22.7638,0.9183,3.292676,
18,-143.1285,0.7097,-0.2139,30.2107,0.9137,3.254237,
19,-147.1192,0.7152,4.1667,31.109,0.9092,2.979663,
20,-115.0247,0.7593,3.0743,24.2465,0.9046,3.127712,
21,-184.9987,0.7052,-0.7107,39.0339,0.9001,2.738127,
22,-133.2674,0.7351,2.8164,29.5874,0.8956,2.346932,
23,-53.9712,0.6966,10.6934,10.9542,0.8911,1.979912,
24,-125.0317,0.6966,4.3145,25.5414,0.8867,1.890441,
25,-209.4267,0.6993,0.7603,43.6463,0.8822,1.899551,7.1771
26,-138.7499,0.7258,0.446,29.6538,0.8778,1.70324,
27,-117.0165,0.7228,3.4696,24.1417,0.8734,1.636257,
28,-104.6456,0.751,-0.3705,24.1488,0.8691,1.736196,
29,-125.3702,0.7409,0.8262,26.155,0.8647,1.97205,
30,-231.5527,0.7045,0.1645,49.7474,0.8604,1.85674,
31,-166.5031,0.7127,3.733,33.9065,0.8561,1.642645,
32,-162.4146,0.7183,2.7269,33.5097,0.8518,1.682961,
33,-140.9487,0.7385,4.1888,29.9995,0.8475,1.666045,
34,-182.6154,0.737,-1.4691,39.2785,0.8433,1.56267,
35,-119.6261,0.7071,6.7447,25.9848,0.8391,1.54247,
36,-134.046,0.7495,1.5653,29.1958,0.8349,1.522175,
37,-177.1952,0.7264,1.2553,36.5962,0.8307,1.921377,
38,-186.7741,0.7214,-0.4414,38.8175,0.8266,1.676414,
39,-226.5757,0.6921,0.051,47.4028,0.8224,1.800071,
40,-134.7006,0.7248,2.3728,29.2204,0.8183,1.686372,
41,-55.7963,0.7114,7.8374,13.0714,0.8142,1.798031,
42,-103.2581,0.7619,4.1348,23.5497,0.8102,1.743593,
43,-114.8441,0.7044,5.9508,24.0904,0.8061,1.499287,
44,-123.6738,0.7054,4.7436,26.7483,0.8021,1.623682,
45,-93.996,0.7382,-0.9256,20.8028,0.7981,1.683567,
46,-150.6429,0.7297,2.8844,31.0791,0.7941,1.651728,
47,-135.0879,0.6947,5.8941,27.9112,0.7901,1.745185,
48,-196.4316,0.7266,-1.1235,42.3141,0.7862,1.753259,
49,-57.9017,0.7084,10.937,9.9426,0.7822,1.576497,
50,-105.0243,0.6776,8.7976,21.6082,0.7783,1.522619,6.2595
51,-165.5549,0.6766,3.4356,35.0928,0.7744,1.52101,
52,-163.2685,0.7375,-1.1461,35.0145,0.7705,1.659468,
53,-154.5019,0.7198,3.5696,31.9373,0.7667,1.629732,
54,-139.5135,0.7188,4.8793,28.86,0.7629,1.708853,
55,-127.2007,0.7118,5.392,26.0346,0.759,1.693578,
56,-147.9165,0.7085,1.1524,31.4807,0.7553,1.663011,
57,-177.1472,0.7584,-2.7342,39.0714,0.7515,1.569625,
58,-121.1819,0.739,3.9975,25.6575,0.7477,1.625318,
59,-61.9212,0.7326,8.1669,12.3336,0.744,1.536273,
60,-115.9737,0.7756,3.4228,25.2663,0.7403,1.676444,
61,-146.4062,0.7121,4.3784,29.6823,0.7366,1.637594,
62,-185.5843,0.741,-0.4941,39.6914,0.7329,1.628732,
63,-59.3535,0.6981,12.018,10.6169,0.7292,1.673609,
64,-79.3248,0.7312,7.637,16.6549,0.7256,1.548159,
65,-33.0587,0.7505,8.2809,7.4112,0.7219,1.566568,
66,-112.8696,0.6885,7.8986,23.4514,0.7183,1.651395,
67,-90.2279,0.7368,3.0821,20.4356,0.7147,1.568359,
68,-136.4012,0.7178,2.5961,29.6375,0.7112,1.704181,
69,-108.1208,0.7224,3.6129,23.2228,0.7076,1.683058,
70,-136.2883,0.7041,4.808,29.5086,0.7041,1.688058,
71,-156.9296,0.6763,2.6237,32.4708,0.7005,1.638151,
72,-139.6104,0.6997,4.7595,29.4282,0.697,1.437126,
73,-161.3735,0.7015,5.1281,32.9512,0.6936,1.590455,
74,-138.9804,0.752,3.0261,29.4611,0.6901,1.571605,
75,-160.1663,0.7294,1.8882,34.2695,0.6866,1.626297,3.4091
76,-72.4884,0.7534,2.8598,17.2961,0.6832,1.672005,
77,-101.0806,0.7253,4.2325,22.7128,0.6798,1.609912,
78,-71.6287,0.7156,6.8407,15.17,0.6764,1.490133,
79,-78.3049,0.6956,7.4742,17.1685,0.673,1.584936,
80,-163.112,0.6788,0.0501,34.6341,0.6696,1.688964,
81,-215.2631,0.6876,2.5391,45.9005,0.6663,1.688049,
82,-67.2307,0.7207,8.1241,13.8586,0.663,1.602409,
83,-71.375,0.723,6.5691,15.1857,0.6597,1.742395,
84,-35.6962,0.747,9.7641,8.2168,0.6564,1.649946,
85,-17.5317,0.7295,7.9362,4.0039,0.6531,1.606023,
86,-53.6064,0.6979,10.478,11.8006,0.6498,1.604372,
87,-122.4711,0.7011,2.9169,26.8731,0.6466,1.717523,
88,-157.7007,0.7339,2.2642,35.1734,0.6433,1.632404,
89,-119.5433,0.7053,4.0681,26.1468,0.6401,1.507894,
90,-222.3305,0.7043,-1.8375,47.2033,0.6369,1.540366,
91,-125.6536,0.7352,1.7733,27.0549,0.6337,1.635754,
92,-134.8196,0.6914,3.6947,29.5045,0.6306,1.736705,
93,-72.1777,0.6936,11.1075,13.8342,0.6274,1.501155,
94,-148.0102,0.7176,3.1815,32.0813,0.6243,1.709483,
95,-111.579,0.7236,3.9405,24.0508,0.6211,1.717868,
96,-83.2773,0.7385,6.7512,18.0464,0.618,1.695721,
97,-144.4013,0.7023,4.7824,30.6631,0.6149,1.607696,
98,-114.3604,0.6752,5.7097,25.7057,0.6119,1.654431,
99,-33.6708,0.7387,9.539,7.1697,0.6088,1.451332,
100,-182.8037,0.7102,3.3571,38.1841,0.6058,1.7388,6.5958
101,-108.9117,0.695,5.75,22.5371,0.6027,1.663818,
102,-182.0164,0.7043,2.3376,38.648,0.5997,1.622018,
103,-129.3294,0.7487,0.4991,29.2218,0.5967,1.630983,
104,-96.8865,0.7022,4.9904,20.1944,0.5937,1.644061,
105,-107.6892,0.6959,7.5995,23.2461,0.5908,1.697031,
106,-111.2751,0.695,6.6501,22.6597,0.5878,1.510656,
107,-214.6588,0.7157,0.1174,45.0449,0.5849,1.479129,
108,-70.3514,0.6699,11.0947,13.7952,0.582,1.515552,
109,-76.448,0.7229,7.1214,18.1454,0.579,1.568097,
110,-118.2532,0.7245,6.2681,26.344,0.5762,1.54307,
111,-80.8671,0.7356,6.8477,19.7134,0.5733,1.443321,
112,-66.2607,0.6522,13.7975,12.5839,0.5704,1.682253,
113,-145.4015,0.7097,2.953,31.64,0.5676,1.603031,
114,-89.974,0.7299,6.678,19.1452,0.5647,1.406802,
115,-90.3398,0.7467,5.425,19.912,0.5619,1.583494,
116,-86.6921,0.7374,6.0289,19.8868,0.5591,1.617087,
117,-80.3584,0.6972,10.9718,17.164,0.5563,1.545065,
118,-73.691,0.7215,6.5092,15.7714,0.5535,1.535916,
119,-79.322,0.7509,4.6475,20.0192,0.5507,1.370201,
120,-188.6151,0.7335,-0.8187,41.0722,0.548,1.616657,
121,-144.2928,0.756,2.7677,31.9874,0.5452,1.607549,
122,-85.6487,0.7054,5.101,17.7861,0.5425,1.417234,
123,-117.6327,0.7135,4.9221,26.4097,0.5398,1.556926,
124,-118.2275,0.7209,5.2723,25.5473,0.5371,1.516338,
125,-44.7152,0.7149,11.3333,8.4185,0.5344,1.614854,4.2358
126,-55.4862,0.7611,8.2525,13.1412,0.5318,1.541696,
127,-23.1309,0.7071,12.0384,3.6107,0.5291,1.419892,
128,-104.9737,0.6973,8.6638,21.9672,0.5264,1.581175,
129,-72.7108,0.7556,4.2898,17.0992,0.5238,1.528077,
130,-93.6537,0.7351,1.8438,22.3468,0.5212,1.480986,
131,-56.9612,0.6773,13.0682,11.4888,0.5186,1.520676,
132,-50.1496,0.7147,8.736,11.4572,0.516,1.469227,
133,0.445,0.7087,12.0852,0.0,0.5134,1.57389,
134,-26.3112,0.7133,8.5541,6.9631,0.5108,1.356949,
135,-89.3195,0.7584,4.7349,21.4169,0.5083,1.408845,
136,-75.3127,0.7229,10.0135,16.1358,0.5058,1.458559,
137,-186.6651,0.6729,2.3415,39.9621,0.5032,1.504325,
138,-77.0706,0.7352,7.7569,16.2029,0.5007,1.380312,
139,-75.0039,0.7145,8.7731,15.7989,0.4982,1.403697,
140,-86.7738,0.6912,7.1441,19.4758,0.4957,1.364384,
141,-75.4361,0.729,4.896,16.3946,0.4932,1.533283,
142,-91.9485,0.7383,4.1369,21.0464,0.4908,1.293682,
143,-94.5324,0.7339,6.0124,19.9327,0.4883,1.505581,
144,-20.7912,0.6858,14.9643,3.5576,0.4859,1.570603,
145,-47.4725,0.712,10.5059,10.4103,0.4834,1.544554,
146,-164.9614,0.6912,0.5271,37.4573,0.481,1.399694,
147,-106.7256,0.7131,7.3683,23.135,0.4786,1.439236,
148,-97.671,0.7226,4.9127,21.5265,0.4762,1.362267,
149,-119.2371,0.7257,3.4917,28.7525,0.4738,1.358623,
150,-21.3657,0.7499,9.1093,3.9889,0.4715,1.333555,6.3682
151,-15.6597,0.6961,12.8257,1.8149,0.4691,1.28421,
152,-18.2138,0.6761,15.2697,4.3108,0.4668,1.28063,
153,-49.6664,0.7355,6.6124,11.7767,0.4644,1.236656,
154,-94.9842,0.7386,5.8221,21.9165,0.4621,1.335808,
155,-34.7117,0.7016,10.7452,7.5211,0.4598,1.55867,
156,-70.5657,0.7735,5.253,17.4233,0.4575,1.302535,
157,-28.0299,0.7162,12.7458,6.9505,0.4552,1.175453,
158,-32.3005,0.6859,13.9357,7.6562,0.4529,1.268032,
159,-127.1779,0.6937,5.9121,26.508,0.4507,1.277492,
160,-44.8611,0.7062,10.0769,8.485,0.4484,1.353968,
161,-133.6102,0.7366,0.1187,31.1438,0.4462,1.223256,
162,-40.4818,0.7287,10.6576,8.6701,0.444,1.306686,
163,-3.1037,0.6897,15.6363,0.3095,0.4417,1.18921,
164,-87.4823,0.7209,8.5458,19.1082,0.4395,1.301771,
165,-41.3956,0.7178,11.6136,8.4042,0.4373,1.176061,
166,-99.7976,0.6932,7.4249,22.7553,0.4351,1.288847,
167,-97.5409,0.7085,7.1849,21.507,0.433,1.225332,
168,-22.4294,0.7047,12.5559,3.995,0.4308,1.331603,
169,-90.003,0.7233,7.0495,18.1972,0.4286,1.285994,
170,-77.9013,0.684,7.035,17.5761,0.4265,1.302554,
171,-72.1645,0.7521,6.3298,15.8771,0.4244,1.289604,
172,-121.5614,0.7534,2.4301,28.25,0.4223,1.329738,
173,-14.6508,0.6907,13.5583,2.6239,0.4201,1.381562,
174,-4.0404,0.74,13.1954,1.8031,0.418,1.227093,
175,-49.791,0.6844,11.2519,11.1339,0.4159,1.198552,7.4918
176,-41.2723,0.6938,12.9567,8.9577,0.4139,1.316427,
177,-40.8482,0.6985,9.4301,9.6608,0.4118,1.274967,
178,-94.4026,0.7234,4.801,22.2877,0.4097,1.292218,
179,-68.9596,0.7101,8.7939,14.9677,0.4077,1.196116,
180,-49.838,0.7102,10.5618,10.4568,0.4057,1.264942,
181,-42.6392,0.6965,10.6387,9.6841,0.4036,1.19583,
182,-75.1409,0.6789,9.832,15.0238,0.4016,1.263891,
183,-29.3791,0.7347,12.1516,6.1757,0.3996,1.239854,
184,-62.6001,0.6931,10.4073,12.9334,0.3976,1.180372,
185,-54.7948,0.7112,11.0356,11.2923,0.3956,1.24331,
186,-56.7752,0.7512,9.0049,13.1352,0.3936,1.208978,
187,4.2209,0.6955,12.7515,0.0,0.3917,1.237688,
188,-33.473,0.7227,7.3366,9.7535,0.3897,1.29774,
189,-98.0928,0.6926,4.3242,23.284,0.3878,1.196666,
190,-153.3688,0.7141,2.5323,33.8629,0.3858,1.133675,
191,-68.8626,0.6631,14.0116,12.9118,0.3839,1.203727,
192,-27.0303,0.7192,9.1676,5.8706,0.382,1.300589,
193,-75.7979,0.7279,6.6156,18.9878,0.3801,1.303578,
194,-61.7719,0.6989,6.0029,14.2359,0.3782,1.188346,
195,-43.0769,0.7081,11.3018,9.5758,0.3763,1.193919,
196,-102.5288,0.7472,4.7005,23.4515,0.3744,1.14251,
197,-67.221,0.7419,5.7532,14.9238,0.3725,1.137771,
198,0.1104,0.7459,13.5904,0.0,0.3707,1.209493,
199,-13.5827,0.7304,10.6578,3.4211,0.3688,1.167858,
200,-8.7772,0.7298,11.0598,2.5066,0.367,1.077926,4.7394
201,-46.1582,0.7003,10.2654,10.642,0.3651,1.20175,
202,-103.7936,0.7078,8.1997,23.9664,0.3633,1.117376,
203,-24.4108,0.7389,11.4818,5.7679,0.3615,1.302055,
204,6.9398,0.7206,13.1099,0.0,0.3597,1.156884,
205,-57.967,0.7295,9.1671,12.3064,0.3579,1.077813,
206,-28.3126,0.7176,11.1884,5.6855,0.3561,1.087603,
207,-49.3322,0.6867,10.4236,10.703,0.3543,1.14823,
208,-106.3219,0.7579,3.3517,22.4128,0.3525,1.186173,
209,-82.0675,0.75,4.6893,20.7474,0.3508,1.084915,
210,-52.6473,0.7022,12.4126,10.9324,0.349,1.031906,
211,-40.3598,0.7099,8.0813,8.5886,0.3473,1.21542,
212,-0.8227,0.7283,14.0013,0.3941,0.3455,1.168445,
213,-59.7519,0.7363,7.6036,14.6675,0.3438,1.240694,
214,-60.4533,0.7238,10.0389,13.6058,0.3421,1.109557,
215,1.084,0.721,11.7323,1.6615,0.3404,1.170434,
216,-32.6365,0.706,11.9727,7.2974,0.3387,1.120861,
217,-70.2807,0.7,8.8347,14.3327,0.337,1.047303,
218,1.8311,0.7338,14.1809,1.0441,0.3353,1.216137,
219,-110.7844,0.7382,3.659,25.2039,0.3336,1.192343,
220,-60.0453,0.7183,10.2042,13.7339,0.332,1.196438,
221,-45.9455,0.6947,9.7546,10.6707,0.3303,1.03318,
222,-45.6289,0.694,11.7868,11.2399,0.3286,1.187797,
223,-52.4987,0.704,10.7813,11.6875,0.327,1.116458,
224,-49.9451,0.7508,9.864,11.3353,0.3254,1.125626,
225,-92.4262,0.7156,5.1294,21.9535,0.3237,1.189936,8.176
226,-105.7131,0.7211,6.7485,23.2409,0.3221,1.133639,
227,-55.2943,0.7377,7.524,12.9867,0.3205,1.09122,
228,-123.3909,0.675,5.1848,27.2811,0.3189,1.131403,
229,-53.1167,0.7046,9.6462,12.0931,0.3173,1.114433,
230,-63.7131,0.6994,9.6087,13.9727,0.3157,1.090793,
231,-49.6445,0.7071,9.9018,12.3665,0.3141,1.15558,
232,-8.111,0.7391,12.4941,3.8611,0.3126,1.090586,
233,-125.8977,0.7276,3.3257,27.7462,0.311,1.213661,
234,-13.7806,0.6983,14.0095,2.121,0.3095,1.168355,
235,-46.8113,0.6987,11.8999,10.2782,0.3079,1.088724,
236,-40.8268,0.7609,7.4309,10.8651,0.3064,1.084068,
237,-99.2059,0.7205,7.4957,23.2692,0.3048,1.176177,
238,-81.5622,0.6805,9.0026,18.7628,0.3033,1.065037,
239,-122.598,0.7233,4.2812,27.4863,0.3018,1.169291,
240,-81.204,0.75,5.0887,18.9573,0.3003,1.084019,
241,-60.8551,0.7055,9.3982,14.5546,0.2988,1.0925,
242,-72.7661,0.6597,10.0868,16.0076,0.2973,1.17976,
243,-3.7487,0.6769,16.0925,0.9286,0.2958,1.129905,
244,6.9889,0.729,12.6951,0.1799,0.2943,1.044039,
245,-27.6842,0.6911,12.7165,7.0629,0.2929,1.229915,
246,-9.8409,0.7204,14.0795,2.4942,0.2914,1.094655,
247,-48.5631,0.743,8.9719,12.967,0.2899,1.04528,
248,-32.2727,0.7129,13.2046,7.2675,0.2885,1.176104,
249,-107.4654,0.6845,6.0575,24.728,0.287,1.055585,
250,-19.318,0.7155,10.7311,6.6161,0.2856,1.154453,5.3914
251,-65.3761,0.6933,7.4279,14.4756,0.2842,1.105247,
252,-45.9565,0.7007,10.4258,10.9499,0.2828,1.013946,
253,-78.8399,0.7097,8.3004,17.5601,0.2813,1.102069,
254,-52.351,0.6911,9.6788,12.621,0.2799,1.16582,
255,-52.4422,0.7318,7.5201,12.2578,0.2785,1.033222,
256,-9.4768,0.7181,13.6904,2.3625,0.2771,1.066873,
257,-46.2822,0.716,10.9956,9.7645,0.2758,0.992943,
258,-70.8565,0.7363,7.2389,16.8328,0.2744,1.149408,
259,5.1012,0.7018,14.8963,0.0,0.273,1.096279,
260,-3.4115,0.7111,14.6054,2.0352,0.2716,1.170824,
261,-105.7423,0.7017,6.3933,23.1205,0.2703,0.950375,
262,-9.4591,0.6863,12.841,2.9973,0.2689,1.174924,
263,-6.1498,0.7428,10.3354,2.941,0.2676,1.042655,
264,4.4186,0.7016,14.9121,0.5825,0.2663,1.127116,
265,-46.2075,0.6988,9.9619,11.0408,0.2649,1.050284,
266,-11.8141,0.7242,12.9628,3.0955,0.2636,1.008384,
267,-70.9563,0.6914,8.193,16.5936,0.2623,1.021028,
268,-21.5596,0.7117,11.6382,5.3822,0.261,0.990025,
269,-6.3136,0.7042,12.2386,1.4924,0.2597,0.999285,
270,-37.0507,0.7287,11.0009,9.3757,0.2584,1.211743,
271,-5.823,0.7169,12.9885,3.1707,0.2571,0.956637,
272,11.0533,0.7427,12.7557,0.0,0.2558,1.162565,
273,-13.0387,0.7125,9.6417,5.0179,0.2545,1.054999,
274,-115.7884,0.7027,7.299,25.7377,0.2532,1.030742,
275,-58.1237,0.6926,11.5125,12.8642,0.252,0.984934,9.0336
276,-10.4885,0.7105,12.7128,3.4694,0.2507,1.074374,
277,-41.6941,0.7368,8.9934,10.2517,0.2495,0.956978,
278,7.1028,0.75,13.7822,0.0,0.2482,0.920471,
279,-17.4558,0.7231,12.1381,4.9201,0.247,1.054039,
280,4.2737,0.741,13.3148,0.7537,0.2457,0.984677,
281,-48.3796,0.7303,9.9417,11.6576,0.2445,1.102793,
282,-110.5049,0.7716,4.0734,26.7114,0.2433,1.003067,
283,-26.2094,0.691,12.8246,6.7989,0.2421,1.066674,
284,5.239,0.69,13.4799,0.0,0.2409,1.097805,
285,-19.6805,0.7325,10.2918,5.411,0.2397,1.042672,
286,-30.7987,0.7384,11.1424,8.0835,0.2385,0.990137,
287,-22.1055,0.698,13.2873,4.6369,0.2373,1.095411,
288,-15.7261,0.6863,14.6861,3.8031,0.2361,0.978294,
289,-74.105,0.7106,6.4654,16.4175,0.2349,0.967179,
290,-63.2561,0.6936,11.4675,13.4093,0.2337,0.997581,
291,9.3943,0.7194,13.3722,0.0,0.2326,1.04788,
292,3.0659,0.7514,12.7905,0.0955,0.2314,0.903868,
293,-2.6909,0.7123,14.9053,2.001,0.2302,1.127323,
294,-0.8934,0.722,14.4804,0.2573,0.2291,1.030974,
295,-32.3721,0.7165,12.5293,7.4195,0.2279,0.999368,
296,2.2228,0.7038,14.9291,1.048,0.2268,0.948086,
297,-18.3162,0.7094,11.7775,5.0023,0.2257,0.987236,
298,10.0416,0.7647,12.1247,0.3794,0.2245,0.927424,
299,-40.2456,0.748,8.1464,10.8047,0.2234,1.077557,
300,-29.4824,0.7125,12.6244,7.8656,0.2223,0.949186,9.6604
301,-36.4511,0.6987,12.7708,9.2847,0.2212,1.002289,
302,10.0763,0.7526,12.6443,0.0,0.2201,0.989105,
303,-30.9235,0.7156,9.878,7.8855,0.219,1.019238,
304,-114.282,0.7404,3.3475,26.8935,0.2179,0.970213,
305,-26.2434,0.7229,10.194,8.2447,0.2168,0.95745,
306,-76.4143,0.6905,8.2752,18.0772,0.2157,1.06421,
307,-21.6626,0.7637,9.8417,7.8578,0.2146,1.004398,
308,9.3723,0.7088,14.3055,0.0,0.2136,0.977434,
309,-19.0284,0.7021,14.0076,4.6536,0.2125,1.025304,
310,-12.7793,0.6989,12.0473,2.1843,0.2114,1.08804,
311,-11.5642,0.7079,12.351,3.2788,0.2104,0.86707,
312,10.0098,0.7639,12.4549,0.0,0.2093,1.007029,
313,-55.1519,0.7056,8.4991,12.5552,0.2083,0.953843,
314,-98.939,0.7323,6.6591,22.802,0.2072,0.945764,
315,-88.014,0.7164,7.639,21.2099,0.2062,0.998358,
316,-69.7367,0.7045,10.7043,16.3468,0.2052,0.875276,
317,10.6544,0.7192,13.5588,0.0,0.2041,0.926635,
318,8.014,0.7203,14.1798,0.0,0.2031,0.973136,
319,-20.5358,0.6795,13.8481,5.1773,0.2021,0.970488,
320,-19.1449,0.7031,11.3842,6.4822,0.2011,1.035878,
321,-34.5829,0.7019,11.8312,9.4167,0.2001,1.121594,
322,-45.1033,0.7064,9.784,11.5231,0.1991,0.964846,
323,-82.5746,0.7021,7.8583,20.561,0.1981,0.951779,
324,-39.6868,0.6991,9.3759,10.6905,0.1971,0.971676,
325,-8.7035,0.7124,14.8031,2.6348,0.1961,1.007674,10.9504
326,-54.1022,0.7213,10.0842,13.2235,0.1951,0.937392,
327,-70.2643,0.7202,9.0545,16.9867,0.1942,0.988734,
328,-1.6077,0.6736,14.2118,0.0,0.1932,1.022649,
329,-35.2059,0.7518,9.5141,9.0081,0.1922,1.012269,
330,-102.1154,0.7237,5.7346,23.5842,0.1913,0.993278,
331,-0.487,0.7063,14.1472,0.8763,0.1903,1.0426,
332,5.9694,0.7238,13.9204,0.7412,0.1893,0.994547,
333,2.074,0.7249,13.5075,0.9104,0.1884,0.905747,
334,-1.8986,0.6903,15.7737,0.7212,0.1875,0.909054,
335,-62.257,0.6985,8.9084,15.0916,0.1865,1.015292,
336,10.8808,0.7153,14.0442,0.0052,0.1856,1.071333,
337,-2.2136,0.7275,14.2821,1.3179,0.1847,0.891947,
338,9.2419,0.7032,14.3401,0.0,0.1837,0.986283,
339,-28.62,0.7206,10.4967,7.7197,0.1828,1.044431,
340,9.8409,0.7209,13.7918,0.0,0.1819,0.86513,
341,-59.7586,0.715,7.7205,14.763,0.181,0.850418,
342,7.8353,0.7381,13.5174,0.0,0.1801,0.919055,
343,-39.3794,0.7189,11.7478,8.0146,0.1792,0.923455,
344,-14.8329,0.6955,12.6869,4.8399,0.1783,0.86188,
345,8.8334,0.7386,13.4048,0.0,0.1774,0.99908,
346,-97.9267,0.7137,4.9784,23.5296,0.1765,0.966929,
347,3.8478,0.7241,13.5614,0.1116,0.1756,0.928037,
348,6.3822,0.7024,15.1217,0.0,0.1748,0.940775,
349,-32.0713,0.7106,12.0283,8.1118,0.1739,0.871323,
350,-8.7491,0.7001,14.7671,1.579,0.173,0.974021,9.8798
351,4.8415,0.7632,8.3143,0.6991,0.1721,0.981613,
352,-10.396,0.7286,12.7368,2.7912,0.1713,0.971153,
353,-4.0527,0.7085,14.4925,1.8311,0.1704,0.95615,
354,-26.3114,0.715,10.8565,7.5543,0.1696,0.89019,
355,-24.9463,0.7384,11.9646,6.5674,0.1687,0.797418,
356,-1.6672,0.7072,14.4704,1.2811,0.1679,0.863918,
357,-4.436,0.7172,13.0608,3.2737,0.167,1.00553,
358,-15.3586,0.7126,12.2903,4.2226,0.1662,0.953906,
359,-31.0509,0.7385,9.4212,9.3872,0.1654,0.902706,
360,-41.1243,0.7139,10.5557,10.4295,0.1646,0.922888,
361,-26.8199,0.7463,11.6487,6.6066,0.1637,0.999896,
362,7.5604,0.7337,13.6531,0.0,0.1629,0.941824,
363,-30.8556,0.7065,11.8034,8.4108,0.1621,0.882857,
364,-3.8302,0.7341,12.7144,1.2745,0.1613,0.839516,
365,7.3855,0.7153,14.3225,0.0,0.1605,0.90998,
366,-18.6198,0.7269,10.8258,4.958,0.1597,0.764491,
367,-2.2719,0.681,14.3007,1.2579,0.1589,0.877456,
368,-61.9739,0.6636,13.613,13.5286,0.1581,0.855642,
369,15.7334,0.7456,10.7047,0.0,0.1573,0.78435,
370,8.7826,0.7247,14.1548,0.0,0.1565,0.974211,
371,-13.6811,0.7001,12.4531,5.0588,0.1557,0.714888,
372,-8.2342,0.7195,14.1742,1.5069,0.1549,0.889531,
373,10.1498,0.7323,14.8431,0.0,0.1542,0.937902,
374,-109.6801,0.7261,7.1283,24.6381,0.1534,0.936593,
375,-6.4727,0.6893,14.4174,2.0643,0.1526,0.959876,9.7996
376,-20.0934,0.7149,12.3669,6.0837,0.1519,0.824028,
377,-30.5228,0.7281,8.3414,9.6953,0.1511,0.950948,
378,-25.0927,0.7042,10.6553,6.5336,0.1504,0.907298,
379,7.8426,0.6943,14.4712,0.0,0.1496,0.893903,
380,-29.6659,0.6989,12.2809,7.8627,0.1489,0.798791,
381,-44.5216,0.6964,9.6299,11.4613,0.1481,0.89075,
382,-31.3939,0.6761,12.94,7.3102,0.1474,0.948564,
383,10.6277,0.7424,13.846,0.0,0.1466,0.828182,
384,-60.6934,0.6711,11.8326,13.693,0.1459,0.83247,
385,7.7367,0.7345,13.762,0.0,0.1452,0.923304,
386,6.772,0.7108,13.0899,1.1131,0.1444,0.804748,
387,8.935,0.7136,14.3209,0.0,0.1437,0.852377,
388,-53.8139,0.6732,12.1491,12.2135,0.143,0.927387,
389,-100.8418,0.7231,5.9744,24.4994,0.1423,0.940726,
390,-57.9567,0.6949,11.9982,13.8969,0.1416,0.798917,
391,-53.3078,0.6348,12.554,11.939,0.1409,0.89294,
392,-8.6597,0.7446,10.8697,3.7734,0.1402,0.903699,
393,-20.7898,0.706,13.7027,4.9242,0.1395,0.892177,
394,-4.8557,0.7237,13.4233,2.2538,0.1388,0.814974,
395,7.311,0.7366,13.648,0.0,0.1381,0.93433,
396,5.305,0.7374,13.1473,0.3472,0.1374,0.933568,
397,7.7989,0.7378,13.3861,0.0,0.1367,0.927838,
398,-34.1309,0.7525,10.1193,10.3981,0.136,0.871056,
399,10.1279,0.7361,13.5032,0.0,0.1353,0.861091,
400,-8.9059,0.7154,13.2382,2.7615,0.1347,0.795176,8.8621
401,-46.49,0.6938,10.9339,10.8697,0.134,0.868028,
402,-5.9968,0.7089,13.887,3.4015,0.1333,0.694222,
403,-42.1353,0.7095,11.4378,10.5447,0.1326,0.875924,
404,-69.241,0.7589,3.9807,18.6694,0.132,0.783422,
405,6.7895,0.7363,14.0159,0.0,0.1313,0.933035,
406,-35.7521,0.7496,9.7003,10.5475,0.1307,0.940541,
407,8.5075,0.7336,12.7729,0.0,0.13,0.818126,
408,7.6884,0.7199,13.4865,0.0,0.1294,0.889889,
409,-25.9827,0.6852,11.0196,6.3724,0.1287,0.906801,
410,-5.9955,0.7111,14.253,2.4872,0.1281,0.844389,
411,-11.3353,0.6868,15.2978,3.7843,0.1274,0.892499,
412,7.6493,0.7236,14.1959,0.0,0.1268,0.787376,
413,6.1045,0.7392,13.3568,0.385,0.1262,0.765064,
414,-39.009,0.6903,10.7529,10.2156,0.1255,0.850777,
415,-21.684,0.7198,11.2679,6.2409,0.1249,0.847765,
416,-16.5064,0.7084,14.3588,3.1433,0.1243,0.673552,
417,3.0517,0.7295,13.8737,0.7555,0.1237,0.858448,
418,-3.5606,0.7335,12.0761,2.1933,0.123,0.776972,
419,-16.1629,0.7028,11.0799,2.8611,0.1224,0.898038,
420,7.5848,0.7453,13.1532,0.0158,0.1218,0.871301,
421,8.1853,0.7621,12.7874,0.0,0.1212,0.781407,
422,-61.0592,0.7168,9.2104,14.0729,0.1206,0.82925,
423,-20.5739,0.7347,10.4419,6.076,0.12,0.794332,
424,2.0949,0.7388,11.5071,0.6052,0.1194,0.850012,
425,-20.0007,0.7289,11.1115,6.3846,0.1188,0.862518,8.8611
426,-83.5082,0.6759,8.9847,18.667,0.1182,0.970991,
427,-48.7593,0.7232,10.3033,12.0739,0.1176,0.820717,
428,-0.7158,0.7106,14.9416,0.6006,0.117,0.835981,
429,-37.7913,0.7346,9.5746,9.806,0.1164,0.716638,
430,-32.5927,0.7317,11.2125,9.4565,0.1159,0.910179,
431,-64.4428,0.7206,9.8718,15.4865,0.1153,0.760174,
432,7.5379,0.7173,14.3115,0.0,0.1147,0.846036,
433,-32.7056,0.7287,9.3573,9.9868,0.1141,0.75009,
434,2.602,0.7042,14.6623,0.7211,0.1136,0.857386,
435,10.8907,0.7511,13.1551,0.0,0.113,0.764943,
436,-54.2127,0.7161,11.2226,13.76,0.1124,0.80648,
437,-76.8378,0.7168,6.9629,18.7783,0.1119,0.813431,
438,-69.808,0.7346,7.9167,17.1472,0.1113,0.880455,
439,-38.8752,0.6795,12.0342,8.9015,0.1107,0.812507,
440,8.2794,0.7141,14.2874,0.0,0.1102,0.82581,
441,-3.9432,0.6978,14.8965,1.7512,0.1096,0.736419,
442,-47.5498,0.7044,11.6117,11.6808,0.1091,0.77497,
443,-34.6955,0.7143,12.4615,9.113,0.1085,0.789359,
444,-46.3384,0.7014,11.8688,11.5951,0.108,0.957125,
445,-40.8906,0.7335,9.9731,10.1266,0.1075,0.780825,
446,4.5675,0.6965,15.5196,0.0,0.1069,0.814046,
447,-6.8259,0.7119,13.6307,1.9448,0.1064,0.913323,
448,-57.9697,0.7086,9.9594,14.65,0.1059,0.792329,
449,-11.1628,0.74,9.9431,5.5992,0.1053,0.750051,
450,10.115,0.7386,12.9355,0.0,0.1048,0.750169,10.317
451,-34.605,0.7393,10.0142,9.7056,0.1043,0.794249,
452,-5.0568,0.7421,9.7389,4.1808,0.1038,0.856208,
453,5.3454,0.7209,14.443,0.7015,0.1032,0.801261,
454,4.7984,0.746,11.5078,1.0399,0.1027,0.920029,
455,0.1172,0.7117,14.4953,1.0198,0.1022,0.901227,
456,7.2509,0.7213,14.4712,0.0,0.1017,0.810104,
457,-41.7894,0.7238,11.4441,10.8136,0.1012,0.9195,
458,5.6598,0.6856,15.635,0.0,0.1007,0.852154,
459,-6.5823,0.7429,10.5206,3.6676,0.1002,0.779447,
460,0.6164,0.7095,14.6679,0.8758,0.0997,0.71733,
461,13.66,0.7624,12.8741,0.0,0.0992,0.8195,
462,-29.8534,0.737,9.0011,8.9922,0.0987,0.833497,
463,10.1825,0.7185,14.1694,0.0,0.0982,0.802138,
464,5.1336,0.7172,14.2973,1.5189,0.0977,0.824358,
465,10.9288,0.7248,14.8798,0.0,0.0972,0.83333,
466,9.3107,0.7568,11.6966,0.4296,0.0967,0.776749,
467,-29.8647,0.7171,10.461,8.6358,0.0962,0.754686,
468,-4.1603,0.7029,14.0582,2.5827,0.0958,0.836111,
469,2.1443,0.7266,14.2354,0.703,0.0953,0.778687,
470,-58.2188,0.7185,9.1547,14.6126,0.0948,0.77435,
471,-45.6042,0.7092,11.2214,11.1445,0.0943,0.768104,
472,-9.902,0.7193,12.2511,3.3748,0.0939,0.808066,
473,-54.2026,0.6807,12.2533,12.8018,0.0934,0.954728,
474,9.7411,0.7218,14.3275,0.0,0.0929,0.861676,
475,1.3895,0.7043,14.4941,0.2003,0.0925,0.699487,8.6181
476,-7.1675,0.7321,13.6236,3.0854,0.092,0.738394,
477,8.993,0.7139,15.0181,0.0,0.0915,0.743223,
478,-9.5737,0.7386,11.5513,4.8077,0.0911,0.712159,
479,11.216,0.7425,13.8258,0.0,0.0906,0.755299,
480,-3.2464,0.7155,14.0876,2.7764,0.0902,0.706236,
481,10.529,0.7524,12.6016,0.0,0.0897,0.86602,
482,5.9313,0.7157,15.0808,0.0,0.0893,0.796438,
483,-23.5311,0.7301,11.7374,7.1042,0.0888,0.771185,
484,-18.9457,0.7035,12.0552,6.4275,0.0884,0.698201,
485,-50.5614,0.707,10.7358,12.8321,0.0879,0.763778,
486,-8.2275,0.6841,14.2452,3.3035,0.0875,0.823539,
487,-69.855,0.6996,9.9455,16.2893,0.0871,0.713693,
488,-63.283,0.7159,6.9759,15.8984,0.0866,0.824955,
489,-18.3528,0.7195,12.0819,6.1264,0.0862,0.713765,
490,-15.4459,0.6734,14.4249,3.9433,0.0858,0.754568,
491,15.7598,0.7463,13.2541,0.0,0.0853,0.854766,
492,4.0643,0.7123,15.022,0.3885,0.0849,0.790219,
493,10.256,0.7328,12.9645,0.0,0.0845,0.877447,
494,9.8872,0.7218,13.5663,0.0,0.0841,0.732048,
495,3.9211,0.696,14.5877,0.7894,0.0836,0.74111,
496,4.0473,0.7024,14.8192,0.2202,0.0832,0.786214,
497,-69.2544,0.7382,7.6079,16.5395,0.0828,0.827423,
498,6.8573,0.6752,14.8887,0.304,0.0824,0.823361,
499,10.8912,0.7277,14.0569,0.0,0.082,0.766354,
500,-9.255,0.7145,14.3523,3.1813,0.0816,0.805376,9.7576
501,-31.4039,0.6987,13.8759,7.2496,0.0812,0.757993,
502,-44.5124,0.7088,11.3608,11.436,0.0808,0.712927,
503,3.0102,0.691,15.22,0.8504,0.0804,0.827905,
504,6.5164,0.7347,12.7549,0.0,0.08,0.812309,
505,7.4957,0.7228,14.5378,0.0346,0.0796,0.847364,
506,7.7089,0.7408,11.6368,0.1271,0.0792,0.791667,
507,-15.9874,0.6891,14.6356,3.9054,0.0788,0.784313,
508,9.4609,0.7137,14.505,0.2054,0.0784,0.745635,
509,-40.2496,0.72,11.4963,11.0258,0.078,0.81517,
510,7.6093,0.7376,10.9655,0.7188,0.0776,0.706903,
511,-32.8308,0.7306,11.4015,8.5647,0.0772,0.88405,
512,9.8623,0.7077,14.7833,0.0,0.0768,0.68159,
513,12.7881,0.7337,13.8086,0.0,0.0764,0.679172,
514,2.9345,0.6911,15.4279,0.0,0.076,0.699689,
515,-1.9107,0.7087,14.5836,2.0426,0.0757,0.691687,
516,12.5644,0.7274,12.6706,0.0,0.0753,0.639882,
517,0.1739,0.7148,14.9073,0.5493,0.0749,0.830411,
518,10.5161,0.748,13.5338,0.0,0.0745,0.782879,
519,9.4378,0.6982,13.2576,0.0,0.0742,0.695726,
520,-72.2014,0.7248,8.362,17.6706,0.0738,0.812684,
521,-14.3537,0.6933,13.5121,4.6766,0.0734,0.777557,
522,2.2821,0.7218,13.4854,1.4977,0.0731,0.749816,
523,-14.0987,0.6964,15.253,2.9665,0.0727,0.753271,
524,-8.0497,0.7033,11.0437,4.6438,0.0723,0.776505,
525,8.0737,0.7358,13.1011,0.6126,0.072,0.681342,10.8951
526,-2.4726,0.7043,12.921,2.1895,0.0716,0.755238,
527,10.9823,0.7535,13.0106,0.0,0.0712,0.744158,
528,-2.0456,0.7368,11.693,1.4485,0.0709,0.768763,
529,10.0289,0.7166,14.4255,0.0,0.0705,0.743461,
530,2.391,0.7426,13.4132,1.1025,0.0702,0.716439,
531,-1.9535,0.7246,12.2434,1.9523,0.0698,0.763351,
532,7.4651,0.7186,14.9421,0.1491,0.0695,0.761364,
533,5.1159,0.6991,15.1866,0.0,0.0691,0.686618,
534,13.6683,0.7422,12.7505,0.0,0.0688,0.691358,
535,12.2628,0.7281,13.0785,0.0,0.0684,0.830965,
536,4.627,0.7168,13.571,1.0689,0.0681,0.719717,
537,1.3217,0.714,15.1505,1.0812,0.0678,0.854931,
538,-27.6547,0.6845,13.7092,7.8656,0.0674,0.700415,
539,0.3206,0.7385,12.5744,1.1148,0.0671,0.724925,
540,-4.1774,0.6915,12.7488,1.7466,0.0668,0.754028,
541,12.4036,0.7361,12.482,0.0,0.0664,0.735076,
542,9.3825,0.721,14.1864,0.0,0.0661,0.81545,
543,7.3286,0.7371,12.5593,0.3796,0.0658,0.739739,
544,-13.7747,0.7093,14.5008,4.0789,0.0654,0.81257,
545,11.9022,0.7379,13.3829,0.0,0.0651,0.718621,
546,8.5975,0.7594,11.7938,0.0,0.0648,0.587465,
547,10.975,0.748,12.9417,0.1724,0.0645,0.715992,
548,5.8846,0.7186,12.8082,0.0903,0.0641,0.755647,
549,8.4108,0.6988,14.5424,0.0,0.0638,0.695305,
550,10.4627,0.7546,12.987,0.0,0.0635,0.70424,9.2313
551,3.3688,0.6885,15.1213,0.2025,0.0632,0.652425,
552,13.0461,0.7484,13.2828,0.0,0.0629,0.788961,
553,-43.0522,0.6768,12.7422,11.0645,0.0625,0.739629,
554,-4.6673,0.7171,13.6534,2.1928,0.0622,0.688134,
555,10.4756,0.7393,13.6481,0.0,0.0619,0.766201,
556,10.3904,0.7186,14.5979,0.0,0.0616,0.655905,
557,10.9274,0.6979,13.9849,0.0,0.0613,0.677604,
558,4.2768,0.7461,11.8563,2.4322,0.061,0.648495,
559,-74.7782,0.6883,11.0367,16.4482,0.0607,0.669479,
560,14.6813,0.7623,12.5995,0.0,0.0604,0.710508,
561,-2.4775,0.6613,16.8178,1.4821,0.0601,0.746718,
562,-2.7308,0.7272,13.4331,2.3784,0.0598,0.744329,
563,-9.9727,0.7154,13.3193,4.2948,0.0595,0.784146,
564,5.5167,0.7522,13.1632,0.3965,0.0592,0.675201,
565,9.5771,0.7124,14.5106,0.0,0.0589,0.699193,
566,7.4705,0.6895,15.2369,0.0,0.0586,0.7011,
567,-45.7113,0.6868,12.8471,10.7884,0.0583,0.788403,
568,-51.6818,0.7195,9.5929,13.4835,0.058,0.688376,
569,1.0642,0.7404,13.3931,1.78,0.0577,0.626629,
570,13.5121,0.7045,13.8651,0.0,0.0574,0.71427,
571,13.479,0.7315,13.2406,0.0,0.0571,0.669904,
572,1.6035,0.6959,14.8957,0.2553,0.0569,0.722235,
573,-29.0894,0.7274,11.0369,8.257,0.0566,0.712969,
574,1.7442,0.7268,13.2736,0.6324,0.0563,0.581383,
575,-25.6788,0.7116,12.2024,6.2882,0.056,0.685247,10.9743
576,12.6771,0.7619,12.2602,0.0,0.0557,0.757138,
577,-1.9457,0.7417,12.9966,2.7577,0.0555,0.680409,
578,-31.6207,0.7444,10.5776,8.7893,0.0552,0.714988,
579,4.1932,0.7212,14.1889,0.4508,0.0549,0.674184,
580,11.3409,0.7264,12.0713,0.0,0.0546,0.563704,
581,6.6989,0.7311,14.0997,0.1222,0.0544,0.671768,
582,-5.9549,0.6895,14.5266,2.3488,0.0541,0.686246,
583,-11.5197,0.7405,11.4275,4.3952,0.0538,0.60917,
584,4.3136,0.7347,13.3063,0.8418,0.0535,0.67059,
585,-40.6264,0.6937,11.7968,10.6274,0.0533,0.602506,
586,-23.1532,0.7345,11.4727,7.5672,0.053,0.668117,
587,6.8536,0.7169,14.9834,0.1311,0.0527,0.652345,
588,15.9099,0.7514,13.1691,0.0,0.0525,0.59994,
589,13.6271,0.7375,12.9203,0.0,0.0522,0.66801,
590,-26.842,0.7304,9.1189,9.0131,0.052,0.762355,
591,2.3603,0.713,14.0692,0.1957,0.0517,0.660892,
592,-13.0705,0.6882,11.1341,4.346,0.0514,0.680172,
593,8.4563,0.7018,13.6263,0.145,0.0512,0.715287,
594,6.133,0.7343,12.0232,0.9333,0.0509,0.66205,
595,9.6991,0.7412,13.6687,0.3822,0.0507,0.783966,
596,-8.6168,0.6847,14.6553,2.5098,0.0504,0.656089,
597,-36.6569,0.7116,11.1391,9.7991,0.0502,0.737288,
598,8.6385,0.7147,13.3188,0.4912,0.05,0.661053,
599,-3.0587,0.7446,12.8382,2.9769,0.05,0.611712,
600,-20.4302,0.6638,14.5773,5.8447,0.05,0.61824,9.8603
601,-58.1315,0.7473,9.0681,14.5882,0.05,0.78262,
602,-73.5311,0.7517,6.838,18.3115,0.05,0.681798,
603,3.7423,0.7142,13.8292,0.572,0.05,0.733996,
604,-43.201,0.6931,11.6475,10.3543,0.05,0.79527,
605,5.39,0.6906,13.9255,0.4155,0.05,0.767017,
606,11.9814,0.7312,14.6419,0.0,0.05,0.687018,
607,11.1955,0.7049,14.5977,0.0,0.05,0.704365,
608,11.4249,0.7397,13.8905,0.0,0.05,0.687515,
609,7.6804,0.7379,12.9991,1.0344,0.05,0.683462,
610,0.798,0.74,11.0775,2.432,0.05,0.690347,
611,12.2865,0.7201,13.6458,0.0,0.05,0.715093,
612,8.9102,0.7287,13.6377,0.0,0.05,0.701183,
613,11.0411,0.732,13.7393,0.0,0.05,0.724518,
614,-39.5586,0.7495,9.3553,11.2113,0.05,0.716812,
615,13.1698,0.7345,14.0062,0.0,0.05,0.736926,
616,-2.7269,0.7404,12.8377,3.0457,0.05,0.621381,
617,-18.6389,0.6968,12.7188,6.4843,0.05,0.640948,
618,10.1229,0.6892,14.4685,0.0,0.05,0.699452,
619,15.8021,0.7622,12.8778,0.0,0.05,0.670623,
620,2.2596,0.7249,13.4464,1.434,0.05,0.689187,
621,-48.584,0.704,11.3693,11.6577,0.05,0.702502,
622,-9.2578,0.6884,14.5074,2.6578,0.05,0.710722,
623,9.0625,0.6963,14.2981,0.0,0.05,0.560226,
624,8.0032,0.6784,15.4752,0.0953,0.05,0.647803,
625,-74.9312,0.7351,6.0365,19.2097,0.05,0.664009,11.3917
626,12.263,0.7529,12.0859,0.0,0.05,0.598426,
627,7.7389,0.695,14.8349,0.1972,0.05,0.612403,
628,3.3656,0.7058,13.0195,0.4999,0.05,0.628155,
629,10.6222,0.6844,14.5165,0.0,0.05,0.599577,
630,9.3975,0.7199,13.9177,0.0638,0.05,0.624509,
631,-63.9033,0.7271,6.3976,17.2441,0.05,0.675258,
632,1.5196,0.6948,15.2773,0.2645,0.05,0.783364,
633,3.4846,0.7395,12.7938,1.2459,0.05,0.699155,
634,1.4235,0.7301,12.7066,1.8291,0.05,0.723168,
635,-77.2961,0.722,7.0704,19.1298,0.05,0.723327,
636,-32.0079,0.7259,10.9996,9.5325,0.05,0.655267,
637,-55.0615,0.7108,11.1976,12.7454,0.05,0.686146,
638,-3.227,0.677,15.2944,1.2432,0.05,0.603155,
639,-22.1626,0.7205,11.7708,6.0712,0.05,0.687916,
640,15.141,0.7425,12.068,0.0,0.05,0.649833,
641,15.9206,0.7212,13.5653,0.0,0.05,0.661897,
642,7.9988,0.7124,14.7173,0.0,0.05,0.688572,
643,4.4539,0.7373,12.0541,1.925,0.05,0.656639,
644,-42.8193,0.7128,11.1602,10.8255,0.05,0.660508,
645,-41.202,0.7157,11.643,10.5143,0.05,0.688801,
646,10.454,0.7352,13.1021,0.3329,0.05,0.644573,
647,-34.4429,0.7314,10.1913,9.4959,0.05,0.657668,
648,-20.3711,0.6924,14.0549,4.7265,0.05,0.604656,
649,12.4353,0.7153,13.2499,0.0,0.05,0.768717,
650,8.2621,0.7164,13.8829,0.0,0.05,0.703958,11.5644
651,9.381,0.7453,12.9082,0.4826,0.05,0.602904,
652,10.5501,0.7245,13.3114,0.2922,0.05,0.584987,
653,5.9431,0.6974,15.3609,0.4163,0.05,0.60855,
654,8.3697,0.7154,15.7645,0.0,0.05,0.752767,
655,7.8439,0.7137,14.6446,0.2035,0.05,0.733915,
656,11.2353,0.7314,11.3258,0.2003,0.05,0.595652,
657,-23.607,0.7322,11.3209,7.8934,0.05,0.7194,
658,9.7755,0.7279,14.2922,0.0,0.05,0.708058,
659,5.3544,0.7257,14.058,0.1946,0.05,0.686346,
660,-1.4527,0.7126,13.4213,1.7975,0.05,0.699036,
661,13.1012,0.7591,12.7379,0.0,0.05,0.779665,
662,-25.5618,0.7617,9.8602,8.2138,0.05,0.611872,
663,14.3286,0.7301,12.4695,0.0,0.05,0.661817,
664,9.2398,0.7531,12.659,0.7339,0.05,0.665893,
665,13.0426,0.7403,13.3921,0.0,0.05,0.596592,
666,-33.7814,0.7044,11.1947,9.191,0.05,0.614216,
667,1.9155,0.7203,14.6615,1.0618,0.05,0.691165,
668,13.2747,0.7248,12.8252,0.0,0.05,0.684031,
669,-53.1545,0.724,10.274,13.9155,0.05,0.58167,
670,2.262,0.7271,13.7254,0.6944,0.05,0.643179,
671,10.9559,0.7267,14.3447,0.0,0.05,0.659921,
672,-2.5899,0.6937,15.3884,1.5739,0.05,0.625051,
673,12.0142,0.7361,14.2343,0.0,0.05,0.662872,
674,3.1572,0.7307,14.0057,1.6701,0.05,0.709406,
675,-24.8609,0.7324,10.5284,8.0115,0.05,0.659182,10.2925
676,-21.8006,0.6967,12.9329,7.0794,0.05,0.628388,
677,-51.7503,0.6935,12.0143,11.5728,0.05,0.644503,
678,9.933,0.7064,14.742,0.0,0.05,0.684467,
679,8.5983,0.744,12.6121,0.1699,0.05,0.652938,
680,4.5452,0.701,15.0091,0.0768,0.05,0.592534,
681,12.7232,0.7699,12.3329,0.3956,0.05,0.666168,
682,8.0801,0.7327,13.3384,0.5259,0.05,0.610609,
683,-53.121,0.6826,11.049,12.9474,0.05,0.602174,
684,2.2796,0.6951,15.6571,0.1245,0.05,0.633294,
685,1.009,0.7235,14.4275,0.6582,0.05,0.69073,
686,14.1125,0.755,13.1934,0.0,0.05,0.665796,
687,-2.5236,0.6916,14.7239,2.3188,0.05,0.645303,
688,2.4449,0.7209,12.1464,1.2898,0.05,0.673156,
689,11.6915,0.7527,12.5451,0.0,0.05,0.671006,
690,4.4231,0.7068,14.9764,0.7413,0.05,0.545613,
691,-45.5041,0.7024,7.7915,12.2854,0.05,0.593525,
692,-3.9812,0.7085,14.8828,1.9953,0.05,0.630826,
693,-28.869,0.7359,10.0509,8.3238,0.05,0.666776,
694,-40.6634,0.7148,11.332,11.3716,0.05,0.644978,
695,8.4224,0.6963,15.9943,0.0,0.05,0.612692,
696,-10.2496,0.7328,12.3875,5.0462,0.05,0.667591,
697,-18.5342,0.7298,13.392,4.2087,0.05,0.677179,
698,15.3827,0.7434,12.6775,0.0,0.05,0.587196,
699,5.8281,0.7044,14.1026,0.0439,0.05,0.776397,
700,12.134,0.7338,14.1651,0.0,0.05,0.540061,11.1201
701,-55.8954,0.6744,13.382,13.3,0.05,0.612615,
702,-24.5613,0.7013,12.2479,7.4289,0.05,0.620825,
703,6.7005,0.7113,14.6168,1.0405,0.05,0.689684,
704,-9.9158,0.7274,12.9246,3.5859,0.05,0.557334,
705,-25.3572,0.7179,12.7682,7.3133,0.05,0.695711,
706,2.9537,0.7182,13.4627,0.9863,0.05,0.582981,
707,-43.6939,0.7068,11.7743,10.5101,0.05,0.550559,
708,-46.8151,0.7096,11.3961,12.3135,0.05,0.61246,
709,-99.2315,0.658,10.5784,21.1177,0.05,0.706054,
710,5.3304,0.7025,13.6327,0.2585,0.05,0.587529,
711,-18.3745,0.7574,9.3204,7.1654,0.05,0.607954,
712,-17.2172,0.735,11.4689,5.9733,0.05,0.748111,
713,-44.9635,0.7258,10.2368,11.8386,0.05,0.645513,
714,7.7531,0.7303,14.1636,0.01,0.05,0.691766,
715,-35.6242,0.6955,12.0722,10.0235,0.05,0.642652,
716,9.1858,0.7504,13.018,0.91,0.05,0.64183,
717,0.4848,0.7173,13.8431,1.6681,0.05,0.672227,
718,-6.272,0.7103,13.5162,2.552,0.05,0.656125,
719,7.391,0.7037,14.0183,0.3205,0.05,0.658145,
720,0.7268,0.7678,9.1683,4.3898,0.05,0.69837,
721,13.6277,0.7525,12.6891,0.0,0.05,0.719661,
722,6.808,0.7336,14.0244,0.1608,0.05,0.650757,
723,5.873,0.7276,13.1532,0.6667,0.05,0.644553,
724,4.1799,0.7029,15.2781,0.0,0.05,0.592736,
725,1.974,0.7326,13.1502,1.2338,0.05,0.617456,9.7557
726,-23.0872,0.6857,11.437,6.785,0.05,0.564155,
727,6.2213,0.7672,12.0582,0.4922,0.05,0.648902,
728,10.0259,0.7565,12.3739,0.4452,0.05,0.643731,
729,11.2485,0.7397,12.6889,1.1124,0.05,0.543082,
730,11.3027,0.7227,14.2294,0.0,0.05,0.605879,
731,7.2672,0.7085,14.1111,0.5095,0.05,0.58832,
732,5.2525,0.7249,13.6518,1.34,0.05,0.608979,
733,-1.1971,0.6877,14.2441,2.3235,0.05,0.636689,
734,-15.3667,0.6989,14.4196,4.4526,0.05,0.591145,
735,-51.1953,0.7117,10.5726,11.8379,0.05,0.572329,
736,7.93,0.6996,15.6116,0.0,0.05,0.644269,
737,-5.4965,0.706,13.6865,2.2655,0.05,0.679279,
738,-9.9977,0.685,14.8535,2.9068,0.05,0.709313,
739,16.2222,0.7233,12.4594,0.0,0.05,0.639274,
740,12.8162,0.7579,12.3292,0.0,0.05,0.687575,
741,7.5157,0.7346,13.9479,0.0304,0.05,0.661942,
742,-26.8953,0.6792,9.0557,7.9879,0.05,0.573185,
743,-0.7313,0.6793,14.5369,0.7029,0.05,0.669717,
744,-13.9991,0.7039,12.9045,3.5092,0.05,0.639,
745,-43.5495,0.7288,9.8258,11.8359,0.05,0.629951,
746,-6.6788,0.7354,12.2208,3.9192,0.05,0.653223,
747,13.4107,0.7597,12.236,0.0,0.05,0.687963,
748,-35.8463,0.7356,9.1051,10.0518,0.05,0.585281,
749,14.9383,0.7508,12.5777,0.0,0.05,0.610832,
750,13.6009,0.7286,12.9138,0.0,0.05,0.645367,11.9226
751,0.0501,0.7056,14.1995,1.0396,0.05,0.619628,
752,15.8789,0.7418,12.5465,0.0,0.05,0.661252,
753,0.0665,0.721,14.3227,1.3488,0.05,0.498231,
754,7.9542,0.6754,15.3341,0.0,0.05,0.610201,
755,-4.592,0.7297,13.7278,2.9241,0.05,0.639174,
756,10.084,0.7379,13.6287,0.0207,0.05,0.61,
757,-11.0008,0.6922,15.0909,3.1014,0.05,0.635182,
758,-27.2789,0.7248,12.1064,7.5607,0.05,0.649889,
759,2.3314,0.71,14.2425,1.5837,0.05,0.585473,
760,-7.3704,0.6855,14.6924,2.2491,0.05,0.56127,
761,8.0987,0.7377,13.6771,0.0,0.05,0.64167,
762,11.4565,0.7175,13.1678,0.0,0.05,0.722768,
763,6.1565,0.6814,15.2282,0.4613,0.05,0.55929,
764,-37.8098,0.714,10.7895,9.9847,0.05,0.597265,
765,4.7381,0.7287,14.4747,0.8805,0.05,0.649013,
766,6.5989,0.6971,15.1293,0.0,0.05,0.570803,
767,9.7845,0.733,13.837,0.0,0.05,0.627919,
768,7.5122,0.7148,14.459,0.0695,0.05,0.583829,
769,-43.1209,0.7003,12.8309,10.5183,0.05,0.654279,
770,-55.4364,0.7088,10.2371,13.5979,0.05,0.67207,
771,-13.7868,0.7308,10.5642,6.2174,0.05,0.602303,
772,3.7279,0.695,15.4305,0.5975,0.05,0.511492,
773,10.7147,0.7336,13.806,0.0,0.05,0.665977,
774,-13.1095,0.6977,14.4028,4.0814,0.05,0.554755,
775,0.09,0.7125,12.4382,2.9071,0.05,0.631012,12.0971
776,-3.5219,0.6797,14.4002,2.174,0.05,0.653554,
777,-0.4164,0.6793,16.3268,0.6175,0.05,0.637351,
778,4.7781,0.7442,13.4276,0.8697,0.05,0.68324,
779,10.8477,0.7401,11.1472,0.0,0.05,0.652593,
780,7.4853,0.723,12.9277,0.2258,0.05,0.612647,
781,10.0406,0.7687,12.1927,0.3332,0.05,0.614074,
782,-15.608,0.7139,11.7393,4.567,0.05,0.649544,
783,6.7487,0.7044,14.778,0.3279,0.05,0.608927,
784,5.088,0.7136,15.2805,0.0,0.05,0.54108,
785,-6.478,0.7004,14.4577,3.1425,0.05,0.585392,
786,5.5988,0.7006,14.8307,0.0983,0.05,0.614337,
787,-0.4954,0.6762,14.8384,1.3204,0.05,0.650974,
788,-0.1226,0.6888,15.3596,1.2441,0.05,0.603842,
789,8.9544,0.7097,14.3155,0.0,0.05,0.610457,
790,-0.469,0.707,13.1727,1.2433,0.05,0.545881,
791,-5.8307,0.7263,11.7698,4.3648,0.05,0.555513,
792,7.59,0.7448,13.1061,0.1949,0.05,0.617874,
793,3.795,0.7386,14.126,0.8927,0.05,0.594426,
794,11.7162,0.7273,12.972,0.0,0.05,0.628658,
795,-5.3406,0.748,11.9833,3.4801,0.05,0.642372,
796,14.5061,0.7412,12.4896,0.0,0.05,0.60384,
797,7.8077,0.7003,14.5336,0.0,0.05,0.544663,
798,4.4312,0.7242,13.2499,0.8928,0.05,0.439802,
799,10.2249,0.7339,12.7975,0.6724,0.05,0.525029,
800,13.9285,0.7224,13.3033,0.0,0.05,0.546003,11.3767
801,-4.6036,0.7202,12.6358,2.4267,0.05,0.556872,
802,9.3914,0.7339,13.92,0.0699,0.05,0.543946,
803,-16.0778,0.7072,13.7503,4.4471,0.05,0.603651,
804,15.4126,0.7743,10.7708,0.0,0.05,0.629971,
805,6.9112,0.7056,13.834,0.7017,0.05,0.629402,
806,12.5145,0.7358,13.9015,0.0,0.05,0.739153,
807,9.944,0.729,14.0314,0.1279,0.05,0.62252,
808,3.9937,0.701,15.4332,1.4797,0.05,0.625868,
809,-28.543,0.6816,11.0497,8.1784,0.05,0.537661,
810,-2.0711,0.6847,14.7299,1.6148,0.05,0.599613,
811,0.551,0.7083,12.9096,1.7723,0.05,0.640319,
812,-16.7779,0.7143,11.5829,5.5486,0.05,0.623147,
813,8.3822,0.734,12.9375,0.2847,0.05,0.546799,
814,-17.5434,0.7524,11.1707,6.0417,0.05,0.567012,
815,-15.0892,0.6852,15.0571,3.5158,0.05,0.593316,
816,9.5353,0.7023,14.8717,0.0,0.05,0.575377,
817,5.9644,0.7375,12.5005,0.6317,0.05,0.496985,
818,6.1507,0.6896,13.6976,0.0,0.05,0.651135,
819,10.8465,0.7277,14.5591,0.0,0.05,0.554714,
820,2.9772,0.7272,12.3461,1.9337,0.05,0.522852,
821,4.39,0.7339,13.9043,0.1743,0.05,0.622846,
822,7.9208,0.6996,14.6824,0.0,0.05,0.603479,
823,7.8255,0.6998,12.9889,0.0,0.05,0.537883,
824,8.5092,0.6953,14.4217,0.3254,0.05,0.625048,
825,-17.3097,0.7311,11.8449,5.6834,0.05,0.566216,11.4203
826,9.9932,0.7119,15.0017,0.0,0.05,0.642718,
827,-26.1642,0.6978,12.8061,7.5241,0.05,0.575782,
828,-22.1986,0.6884,12.4711,6.1609,0.05,0.707857,
829,7.3865,0.6959,15.5704,0.0,0.05,0.582928,
830,-5.5207,0.7057,12.2585,3.4182,0.05,0.611587,
831,6.718,0.7534,10.3576,1.0504,0.05,0.550444,
832,-0.285,0.7111,14.8656,1.1516,0.05,0.541166,
833,12.799,0.7371,13.5157,0.0,0.05,0.614514,
834,1.4829,0.7033,12.8371,0.7922,0.05,0.528213,
835,-5.2631,0.7396,13.6234,2.1976,0.05,0.485025,
836,4.8946,0.7066,12.6204,0.0,0.05,0.650873,
837,-10.1278,0.7121,12.1841,4.1454,0.05,0.559853,
838,13.1496,0.7472,12.6921,0.0,0.05,0.582824,
839,-2.1818,0.711,13.9296,2.1189,0.05,0.562384,
840,10.908,0.7399,13.3266,0.0147,0.05,0.573849,
841,4.275,0.7471,13.2511,1.0646,0.05,0.570825,
842,9.3238,0.7465,12.3256,0.1904,0.05,0.598052,
843,-37.1671,0.7276,10.2512,10.8389,0.05,0.564395,
844,5.9161,0.6992,14.5548,0.5355,0.05,0.605859,
845,2.5267,0.6861,15.2684,0.4572,0.05,0.54766,
846,-1.9839,0.6941,15.2049,1.4808,0.05,0.610208,
847,-7.7379,0.7284,12.444,2.5977,0.05,0.56842,
848,8.4733,0.7103,14.7101,0.0,0.05,0.516841,
849,8.2981,0.7229,14.9026,0.0,0.05,0.610462,
850,-29.6909,0.726,10.4032,8.9478,0.05,0.640236,11.7685
851,6.0762,0.6856,16.5495,0.0,0.05,0.571744,
852,5.4003,0.7204,14.3824,0.0,0.05,0.502939,
853,5.1194,0.7039,14.7715,0.5853,0.05,0.649211,
854,8.9925,0.6864,14.8304,0.0,0.05,0.543074,
855,-16.1807,0.6853,14.1691,3.7034,0.05,0.641588,
856,11.6622,0.7148,14.0158,0.0,0.05,0.68912,
857,10.4023,0.7525,12.3368,0.0,0.05,0.563239,
858,10.5905,0.7034,14.6475,0.0,0.05,0.592421,
859,-98.3818,0.6995,9.3423,22.3494,0.05,0.571736,
860,9.6245,0.7142,13.1028,0.5393,0.05,0.583626,
861,5.4138,0.7155,14.179,1.8893,0.05,0.567778,
862,-4.654,0.7185,13.3573,2.3329,0.05,0.620011,
863,11.3881,0.7323,13.0486,0.0,0.05,0.677683,
864,10.7276,0.7321,13.3442,0.0,0.05,0.619461,
865,12.4165,0.7464,13.4698,0.0,0.05,0.544853,
866,10.4494,0.7276,13.3416,0.1706,0.05,0.605535,
867,13.0299,0.754,13.0673,0.0,0.05,0.612594,
868,11.6109,0.6912,14.9876,0.0,0.05,0.620039,
869,9.9185,0.7157,14.5235,0.0,0.05,0.603923,
870,12.6343,0.758,12.3587,0.0,0.05,0.62316,
871,-1.193,0.7166,14.0477,1.822,0.05,0.59127,
872,10.4778,0.6965,13.7257,0.0,0.05,0.513932,
873,1.0334,0.6945,15.7358,0.4608,0.05,0.522392,
874,18.24,0.7562,10.786,0.0,0.05,0.529783,
875,8.7793,0.7566,12.924,0.6071,0.05,0.578595,10.8478
876,-4.1693,0.7293,12.7383,3.2553,0.05,0.637656,
877,15.4795,0.7453,12.6338,0.0,0.05,0.603552,
878,9.8181,0.7045,14.1587,0.0,0.05,0.568644,
879,10.9058,0.7094,14.2404,0.0,0.05,0.566151,
880,12.3151,0.7618,11.7526,0.0,0.05,0.591245,
881,-58.9319,0.65,13.2362,12.5151,0.05,0.666733,
882,3.8407,0.7021,14.2383,0.5734,0.05,0.666717,
883,11.7667,0.7678,11.7761,0.5482,0.05,0.63536,
884,9.4365,0.6914,14.9664,0.0,0.05,0.555199,
885,-25.6465,0.6827,12.2533,7.6382,0.05,0.567691,
886,9.0131,0.7318,14.2938,0.2946,0.05,0.60374,
887,-0.1232,0.6807,16.5449,0.8952,0.05,0.543529,
888,12.0581,0.7477,12.2793,0.2508,0.05,0.584054,
889,-49.4647,0.7387,9.3536,12.5542,0.05,0.686124,
890,-7.7133,0.7273,12.6144,3.261,0.05,0.586971,
891,-17.2338,0.723,10.7706,6.4292,0.05,0.532756,
892,11.208,0.7492,12.3795,0.2774,0.05,0.592873,
893,7.0858,0.6973,14.776,0.0,0.05,0.550242,
894,1.1818,0.729,12.5701,2.1923,0.05,0.516338,
895,-18.4925,0.7398,10.0771,6.8302,0.05,0.641247,
896,10.5328,0.7658,12.3043,0.114,0.05,0.600437,
897,6.1206,0.7205,12.4408,0.353,0.05,0.549879,
898,13.5805,0.7219,14.0496,0.0,0.05,0.582838,
899,7.234,0.7296,13.7021,0.0,0.05,0.504185,
900,-2.0266,0.7055,14.6763,1.9014,0.05,0.563568,9.6561
901,1.0206,0.6749,15.5711,1.5432,0.05,0.629904,
902,3.5198,0.7057,14.3935,0.5252,0.05,0.521325,
903,12.7092,0.7179,15.1186,0.0,0.05,0.542769,
904,6.0873,0.6831,13.9909,0.0,0.05,0.596377,
905,5.7782,0.6931,15.4898,0.0,0.05,0.577606,
906,11.905,0.726,13.6131,0.0,0.05,0.618308,
907,11.5495,0.7168,14.7471,0.0,0.05,0.558879,
908,0.1395,0.706,13.9142,1.1926,0.05,0.490937,
909,14.0646,0.771,11.8329,0.0,0.05,0.616672,
910,-33.8604,0.6979,12.383,8.3552,0.05,0.573939,
911,-41.2779,0.7103,12.3846,10.1188,0.05,0.521529,
912,-39.5195,0.6864,10.8488,10.5426,0.05,0.574245,
913,8.3235,0.6773,16.0049,0.0,0.05,0.534737,
914,11.3555,0.7522,12.9758,0.0,0.05,0.604108,
915,8.9443,0.6992,15.1854,0.0,0.05,0.550402,
916,-5.1398,0.6968,13.4128,2.9921,0.05,0.506644,
917,2.5479,0.7031,14.7374,0.5307,0.05,0.526025,
918,-2.0504,0.7252,13.4051,1.9885,0.05,0.57278,
919,7.8911,0.7207,13.9012,0.4152,0.05,0.627258,
920,7.9737,0.7045,15.0694,0.0,0.05,0.537565,
921,-17.9614,0.7294,12.599,5.6113,0.05,0.542762,
922,15.4723,0.7715,12.1234,0.0,0.05,0.520811,
923,-31.469,0.7172,12.579,8.741,0.05,0.523017,
924,0.333,0.7139,13.5576,1.7216,0.05,0.610057,
925,15.828,0.7466,13.7727,0.0,0.05,0.46066,11.4362
926,9.3818,0.7289,13.5785,0.0,0.05,0.502787,
927,10.4691,0.6836,15.1163,0.0,0.05,0.508157,
928,14.7146,0.7378,13.3937,0.0,0.05,0.547381,
929,9.98,0.7365,12.7998,0.0,0.05,0.475012,
930,-34.4581,0.7955,7.2678,11.4457,0.05,0.551567,
931,-3.5678,0.6965,14.582,2.4296,0.05,0.583324,
932,11.8648,0.7732,12.4497,0.0,0.05,0.566397,
933,10.0653,0.714,14.5495,0.0,0.05,0.576279,
934,9.3364,0.7028,13.8551,0.0,0.05,0.556425,
935,0.0184,0.6977,15.1688,1.6487,0.05,0.600499,
936,4.2941,0.7286,13.9814,0.7548,0.05,0.579022,
937,1.989,0.7306,10.9714,2.2809,0.05,0.57461,
938,5.0899,0.7234,12.5088,1.5696,0.05,0.525141,
939,1.2012,0.7215,12.7292,2.1679,0.05,0.646914,
940,-0.4024,0.6972,14.6435,0.8949,0.05,0.4953,
941,1.1752,0.7337,13.4275,1.343,0.05,0.509659,
942,-0.6794,0.685,14.6303,1.5891,0.05,0.498722,
943,6.1401,0.7276,13.6616,0.0,0.05,0.525471,
944,8.7742,0.7286,12.0773,0.0,0.05,0.542062,
945,-10.8362,0.7145,13.2738,2.98,0.05,0.642819,
946,-1.0414,0.6925,12.6522,1.348,0.05,0.618356,
947,-21.7481,0.7421,11.3521,6.773,0.05,0.560581,
948,-23.0719,0.7387,10.4175,7.8032,0.05,0.5163,
949,10.3412,0.7045,14.9591,0.0,0.05,0.510245,
950,4.221,0.6767,15.2805,0.9457,0.05,0.501199,12.2912
951,-40.0479,0.6606,14.0674,9.5858,0.05,0.509071,
952,14.7651,0.7586,12.5426,0.0,0.05,0.584541,
953,13.208,0.7384,12.3543,0.0,0.05,0.574939,
954,5.3148,0.6987,15.026,0.501,0.05,0.524223,
955,3.0049,0.756,10.612,2.1252,0.05,0.594972,
956,6.7067,0.7093,14.1239,0.8381,0.05,0.573718,
957,-0.16,0.6989,15.3235,1.8019,0.05,0.551308,
958,3.3723,0.7021,14.0006,1.2841,0.05,0.48014,
959,8.5239,0.733,13.7658,0.2825,0.05,0.585069,
960,8.2822,0.7258,12.5981,0.5767,0.05,0.588673,
961,7.7136,0.731,13.4892,0.2838,0.05,0.538435,
962,4.8722,0.693,14.6171,0.0,0.05,0.617872,
963,1.4898,0.7111,14.8252,1.1964,0.05,0.503384,
964,8.5185,0.7074,14.5162,0.0,0.05,0.61356,
965,-9.2072,0.7641,11.3858,4.304,0.05,0.567722,
966,5.798,0.7752,11.1968,0.3388,0.05,0.601526,
967,6.222,0.7183,14.7412,0.0,0.05,0.504218,
968,11.3147,0.7278,13.9674,0.0,0.05,0.544877,
969,-13.44,0.6956,13.5026,4.0857,0.05,0.516556,
970,-0.8773,0.743,12.7654,1.5815,0.05,0.55208,
971,15.9783,0.7367,13.5641,0.0,0.05,0.598317,
972,-114.8627,0.6962,8.0125,25.9795,0.05,0.47164,
973,8.5053,0.7343,12.9577,0.8238,0.05,0.611235,
974,-66.2547,0.697,10.5803,15.4187,0.05,0.519756,
975,-3.7945,0.7128,14.8216,1.8051,0.05,0.545865,11.1592
976,15.2211,0.759,12.5058,0.0,0.05,0.638442,
977,0.0545,0.7252,13.5398,1.4172,0.05,0.513821,
978,-3.898,0.72,13.8723,2.4657,0.05,0.538236,
979,8.2439,0.7375,14.169,0.0668,0.05,0.555188,
980,13.3886,0.7352,12.5933,0.0,0.05,0.495262,
981,11.4615,0.7061,14.5651,0.0,0.05,0.538566,
982,11.1055,0.7005,14.2933,0.0,0.05,0.550492,
983,-18.4136,0.7216,12.5074,7.0214,0.05,0.558894,
984,-33.0032,0.7175,12.4831,8.1633,0.05,0.496725,
985,-34.5209,0.7147,11.0327,9.5659,0.05,0.523586,
986,15.7231,0.7674,12.2135,0.0,0.05,0.512056,
987,-0.5304,0.7318,11.7816,0.7775,0.05,0.537726,
988,-39.6955,0.7289,8.8082,10.6631,0.05,0.486488,
989,-2.0947,0.7011,15.0289,1.5206,0.05,0.617853,
990,-1.0599,0.7233,12.4009,2.4406,0.05,0.45898,
991,13.6436,0.7082,13.0706,0.0,0.05,0.610347,
992,-18.0332,0.6845,13.8091,5.7564,0.05,0.536598,
993,-24.4255,0.7301,10.3132,8.1993,0.05,0.604018,
994,11.0828,0.7282,13.8606,0.0,0.05,0.55122,
995,7.63,0.6971,15.7099,0.0,0.05,0.535318,
996,13.2436,0.732,13.4508,0.0,0.05,0.528725,
997,9.1113,0.7336,14.4618,0.1133,0.05,0.480472,
998,10.1514,0.7285,14.2833,0.1152,0.05,0.536792,
999,7.462,0.7335,14.2598,0.2982,0.05,0.566898,
1000,-2.0456,0.6985,15.1126,1.376,0.05,0.48196,10.443
1001,4.5597,0.7096,14.9905,0.2463,0.05,0.540018,
1002,10.9245,0.7478,13.7774,0.0497,0.05,0.646323,
1003,-4.2349,0.6789,14.3456,1.2925,0.05,0.528577,
1004,6.415,0.73,13.54,0.2738,0.05,0.547335,
1005,10.5979,0.7046,15.0547,0.0,0.05,0.542559,
1006,9.4835,0.706,15.1781,0.0,0.05,0.573336,
1007,6.9078,0.7276,14.4721,0.0,0.05,0.495522,
1008,2.0429,0.6818,15.5484,0.679,0.05,0.552179,
1009,-61.3585,0.6821,11.981,13.7093,0.05,0.534128,
1010,-57.2087,0.7013,11.0305,12.8065,0.05,0.542899,
1011,5.2421,0.6989,15.7566,0.7049,0.05,0.476581,
1012,3.1297,0.7447,12.8391,0.9458,0.05,0.574099,
1013,-55.9614,0.7126,10.66,12.976,0.05,0.499388,
1014,11.8993,0.7399,12.5131,0.0,0.05,0.587332,
1015,-0.9944,0.7095,15.0514,2.5098,0.05,0.501839,
1016,-38.5271,0.6857,12.279,8.9509,0.05,0.584797,
1017,2.5465,0.7329,13.4614,1.2727,0.05,0.554058,
1018,0.3956,0.6733,15.079,1.4868,0.05,0.47219,
1019,4.7869,0.7613,12.5421,2.0142,0.05,0.504298,
1020,-32.8743,0.7127,11.2892,9.741,0.05,0.560114,
1021,-2.9043,0.685,16.364,1.3312,0.05,0.570663,
1022,2.1627,0.7331,13.4912,1.1392,0.05,0.505785,
1023,11.2213,0.7103,14.5996,0.0,0.05,0.546383,
1024,16.9598,0.7795,11.0527,0.0,0.05,0.509831,
1025,10.3126,0.7511,12.7866,0.0,0.05,0.56698,11.2112
1026,1.0368,0.7435,10.9663,2.7793,0.05,0.442015,
1027,-7.1173,0.7105,12.8637,1.6915,0.05,0.504866,
1028,14.0262,0.7571,13.3065,0.0,0.05,0.638539,
1029,-34.8259,0.7075,12.0372,9.5846,0.05,0.527234,
1030,1.0659,0.6965,13.6914,0.8726,0.05,0.529296,
1031,-7.5641,0.6565,16.6204,2.5292,0.05,0.535295,
1032,7.441,0.7208,13.1517,0.5782,0.05,0.534755,
1033,1.3888,0.7216,11.5672,2.2441,0.05,0.57055,
1034,12.7271,0.7475,12.9096,1.0157,0.05,0.566852,
1035,-13.4605,0.7136,12.4846,4.4324,0.05,0.560984,
1036,-24.6633,0.7116,12.23,7.1445,0.05,0.569921,
1037,-38.007,0.7334,10.1135,10.975,0.05,0.538877,
1038,9.5713,0.6987,15.5606,0.0,0.05,0.527558,
1039,-1.7699,0.6837,15.3083,1.944,0.05,0.566695,
1040,0.1241,0.7272,13.8209,1.4532,0.05,0.553626,
1041,-11.8407,0.7108,13.229,3.1513,0.05,0.530626,
1042,12.49,0.7338,13.5328,0.0,0.05,0.588892,
1043,10.7443,0.7125,13.6465,0.0,0.05,0.581807,
1044,-17.7047,0.7254,11.175,6.8452,0.05,0.593569,
1045,7.2788,0.7107,15.2855,0.1327,0.05,0.531529,
1046,2.8097,0.667,15.3753,0.8288,0.05,0.566432,
1047,-44.4259,0.7255,9.4872,12.4394,0.05,0.561798,
1048,8.2923,0.6896,13.8834,0.1353,0.05,0.525847,
1049,11.2933,0.756,12.6311,0.0,0.05,0.533131,
1050,-10.7928,0.7251,11.9415,4.1598,0.05,0.571718,11.4241
1051,13.7398,0.7344,12.962,0.0,0.05,0.476006,
1052,5.4291,0.7469,13.2619,0.7078,0.05,0.460236,
1053,12.0673,0.7425,13.1155,0.0,0.05,0.536789,
1054,-30.8295,0.6996,12.5078,8.5116,0.05,0.544735,
1055,-39.6295,0.7211,10.9716,10.9056,0.05,0.546992,
1056,10.161,0.7463,12.6881,0.2115,0.05,0.533705,
1057,-12.3128,0.6847,13.5784,3.326,0.05,0.518817,
1058,10.4923,0.7272,12.446,0.0985,0.05,0.530858,
1059,-24.9059,0.7114,12.2758,6.4843,0.05,0.549926,
1060,-9.4333,0.6779,15.0583,2.8438,0.05,0.500999,
1061,1.1346,0.6782,15.4158,1.1041,0.05,0.534842,
1062,14.3402,0.7588,12.4317,0.0,0.05,0.543097,
1063,9.2747,0.7185,14.343,0.0,0.05,0.559605,
1064,-0.6508,0.6825,15.4858,1.3859,0.05,0.520563,
1065,-9.4252,0.7136,14.1949,3.3865,0.05,0.547038,
1066,-64.951,0.7157,8.4862,16.3708,0.05,0.531779,
1067,12.5087,0.7234,14.3292,0.0,0.05,0.593832,
1068,-29.4678,0.6587,13.8644,6.1736,0.05,0.530666,
1069,4.8337,0.6849,15.1944,0.2813,0.05,0.561285,
1070,10.4091,0.7392,13.3204,0.0063,0.05,0.526309,
1071,9.4119,0.7253,12.6825,0.0,0.05,0.506045,
1072,-93.2526,0.7146,8.0982,22.9382,0.05,0.558328,
1073,13.0855,0.7548,12.4947,0.0,0.05,0.478065,
1074,11.6898,0.7406,13.4867,0.0,0.05,0.527129,
1075,7.2218,0.7168,14.594,0.0,0.05,0.546674,11.4007
1076,3.7681,0.7351,13.2545,0.5406,0.05,0.519631,
1077,1.3937,0.7174,13.3948,1.4848,0.05,0.500912,
1078,-40.9973,0.7124,11.1067,10.8508,0.05,0.53661,
1079,12.4031,0.7304,13.5056,0.0359,0.05,0.510567,
1080,9.6387,0.7124,14.0341,0.0,0.05,0.528892,
1081,-43.2921,0.6951,11.717,11.1281,0.05,0.607254,
1082,5.0885,0.715,14.8293,0.0516,0.05,0.550611,
1083,-48.651,0.711,10.6304,12.1228,0.05,0.543527,
1084,-11.468,0.6681,14.551,3.1958,0.05,0.529226,
1085,9.16,0.7468,13.2836,0.3816,0.05,0.558392,
1086,-36.0974,0.7191,10.6821,9.6417,0.05,0.535905,
1087,-37.7343,0.7167,10.9819,10.5467,0.05,0.493378,
1088,-19.3788,0.7196,14.7008,4.5167,0.05,0.545975,
1089,-10.1719,0.6931,13.2269,3.4707,0.05,0.560464,
1090,12.3885,0.7159,14.9246,0.0,0.05,0.55384,
1091,12.3265,0.7353,13.7719,0.0,0.05,0.54498,
1092,5.8032,0.7609,11.8654,0.9846,0.05,0.533209,
1093,6.5331,0.6982,14.178,0.0,0.05,0.478375,
1094,-34.9861,0.7417,9.7241,9.4421,0.05,0.588996,
1095,13.4717,0.733,13.734,0.0,0.05,0.532877,
1096,-11.2157,0.7323,12.3443,4.822,0.05,0.550004,
1097,12.1383,0.6984,14.1328,0.0,0.05,0.577111,
1098,-14.6542,0.6923,15.0888,3.5332,0.05,0.548659,
1099,11.8044,0.7203,13.374,0.0,0.05,0.581336,
1100,9.2487,0.7391,13.2647,0.0,0.05,0.540114,11.3893
1101,-4.1951,0.7031,14.3873,2.5387,0.05,0.46162,
1102,-33.3585,0.6846,12.8291,8.0478,0.05,0.57264,
1103,12.6679,0.7365,13.24,0.0,0.05,0.577869,
1104,4.9143,0.7424,12.9451,1.1221,0.05,0.570151,
1105,8.7862,0.7097,14.0134,0.0312,0.05,0.468838,
1106,12.0357,0.7141,13.4312,0.0,0.05,0.503625,
1107,-10.8398,0.6997,14.8262,3.9776,0.05,0.504813,
1108,9.8017,0.7068,15.3898,0.0,0.05,0.498073,
1109,10.5462,0.6984,14.6613,0.0,0.05,0.555138,
1110,8.5965,0.7228,15.4895,0.0,0.05,0.556997,
1111,-5.7203,0.7012,15.892,1.8864,0.05,0.500195,
1112,7.0478,0.6909,13.8106,0.1829,0.05,0.541628,
1113,7.1816,0.7302,12.3144,1.1115,0.05,0.56391,
1114,5.3504,0.7084,14.0126,0.1274,0.05,0.516335,
1115,0.1553,0.7202,14.0874,0.6011,0.05,0.492211,
1116,3.7411,0.7397,13.5475,0.9903,0.05,0.560817,
1117,11.0332,0.7448,13.5902,0.0,0.05,0.509891,
1118,12.4298,0.728,13.6543,0.0,0.05,0.545263,
1119,4.5944,0.7259,13.9264,0.9177,0.05,0.621869,
1120,14.2685,0.7498,13.0871,0.0,0.05,0.589166,
1121,9.8006,0.7254,14.3062,0.0,0.05,0.526653,
1122,-0.4685,0.6921,13.4986,1.6914,0.05,0.502728,
1123,6.5538,0.7173,13.0559,0.0198,0.05,0.537719,
1124,-31.6032,0.7186,11.385,8.7857,0.05,0.581908,
1125,7.2164,0.7417,13.0308,0.3189,0.05,0.451019,11.6635
1126,-0.219,0.6951,15.1163,0.8632,0.05,0.427467,
1127,-30.5434,0.7645,8.3079,9.676,0.05,0.655087,
1128,2.9744,0.6938,14.5436,0.9597,0.05,0.584475,
1129,17.2721,0.7405,12.0746,0.0,0.05,0.527527,
1130,11.5786,0.7192,14.1839,0.0,0.05,0.547059,
1131,-44.08,0.7377,9.944,11.4789,0.05,0.52919,
1132,12.8791,0.7241,14.9155,0.0,0.05,0.524446,
1133,10.1167,0.705,14.7196,0.0,0.05,0.435225,
1134,-8.2144,0.7178,13.1617,3.0737,0.05,0.582094,
1135,-33.9386,0.7236,10.7574,10.087,0.05,0.575438,
1136,4.9146,0.6982,15.338,0.0,0.05,0.465296,
1137,2.6925,0.6759,16.3132,0.2172,0.05,0.551798,
1138,-24.2005,0.7311,11.805,7.4115,0.05,0.502169,
1139,-68.2844,0.7519,5.9772,17.5782,0.05,0.408782,
1140,11.0419,0.7478,11.6164,0.0,0.05,0.584023,
1141,6.0763,0.714,13.6226,0.9407,0.05,0.568925,
1142,-7.9675,0.7284,11.301,4.138,0.05,0.548878,
1143,-29.0213,0.6991,12.2199,7.8728,0.05,0.533134,
1144,7.3938,0.6985,14.6724,0.241,0.05,0.57762,
1145,12.018,0.7403,13.3312,0.0,0.05,0.58723,
1146,2.6596,0.6936,15.7663,0.7513,0.05,0.589392,
1147,10.6337,0.6868,15.5549,0.0,0.05,0.575038,
1148,4.6493,0.7266,14.2789,0.8178,0.05,0.576846,
1149,-38.3885,0.656,12.1743,9.3623,0.05,0.515338,
1150,5.2195,0.6997,13.7573,0.7944,0.05,0.510903,11.6349
1151,-27.1733,0.7344,8.3864,7.8846,0.05,0.569356,
1152,9.9525,0.7096,14.4831,0.0,0.05,0.465144,
1153,14.1813,0.753,13.1081,0.0,0.05,0.497377,
1154,0.8186,0.6939,14.5855,0.671,0.05,0.533377,
1155,2.4901,0.719,12.7675,0.5072,0.05,0.543584,
1156,9.8417,0.7058,15.1566,0.0,0.05,0.556475,
1157,-8.3104,0.7148,13.7411,2.8431,0.05,0.6136,
1158,-34.2857,0.7241,10.0419,10.2537,0.05,0.573663,
1159,-21.5245,0.7209,11.7356,6.4926,0.05,0.511,
1160,-43.154,0.7574,6.0896,12.918,0.05,0.52577,
1161,-26.0728,0.7736,9.5472,9.04,0.05,0.535641,
1162,-5.5468,0.7097,15.0126,2.6516,0.05,0.548029,
1163,12.1838,0.7257,13.6379,0.0,0.05,0.483348,
1164,-2.1171,0.6835,16.0956,1.0224,0.05,0.509956,
1165,13.9403,0.7452,13.2544,0.0,0.05,0.59194,
1166,-19.0635,0.7333,11.8205,5.7225,0.05,0.459075,
1167,2.1732,0.7153,13.9615,1.3452,0.05,0.556577,
1168,10.6184,0.7272,14.0409,0.0,0.05,0.605872,
1169,2.3635,0.7088,14.0867,1.2174,0.05,0.454985,
1170,0.666,0.6937,15.0596,1.2514,0.05,0.481702,
1171,8.2384,0.7236,13.3779,0.0,0.05,0.5828,
1172,7.8243,0.6945,15.5476,0.0,0.05,0.576379,
1173,-47.8848,0.6959,10.5087,11.9936,0.05,0.568124,
1174,8.0014,0.6866,14.0124,0.0,0.05,0.433902,
1175,12.7269,0.7294,13.851,0.0,0.05,0.498509,10.8205
1176,15.0735,0.7545,12.9935,0.0,0.05,0.511198,
1177,13.7698,0.7234,13.2458,0.0,0.05,0.482789,
1178,12.341,0.7538,11.7051,0.0,0.05,0.523608,
1179,9.7282,0.6956,14.9224,0.0,0.05,0.453123,
1180,-61.8805,0.6686,11.5051,14.4126,0.05,0.501864,
1181,11.418,0.718,14.3841,0.0,0.05,0.590156,
1182,7.8479,0.7148,14.6182,0.0,0.05,0.517376,
1183,13.9128,0.7584,12.7661,0.0157,0.05,0.51659,
1184,12.3355,0.7251,13.6927,0.0,0.05,0.490341,
1185,-4.5466,0.6929,15.5192,1.4928,0.05,0.561739,
1186,6.3595,0.7039,15.0077,0.0315,0.05,0.499974,
1187,10.4631,0.7111,14.0591,0.0,0.05,0.515985,
1188,-45.7783,0.6805,11.2031,10.7715,0.05,0.518751,
1189,4.5416,0.7391,12.9869,1.0017,0.05,0.59359,
1190,-25.4066,0.7207,12.212,7.5157,0.05,0.56929,
1191,5.1876,0.6907,14.9462,0.2042,0.05,0.481559,
1192,-50.5291,0.7026,11.2648,12.4487,0.05,0.562387,
1193,8.4081,0.7608,12.6207,0.988,0.05,0.545354,
1194,-48.6994,0.6937,10.8905,11.6656,0.05,0.582163,
1195,4.5816,0.7231,13.7345,0.972,0.05,0.501283,
1196,-7.3941,0.6679,16.3889,1.0296,0.05,0.507483,
1197,-1.4306,0.6817,15.762,0.7747,0.05,0.579774,
1198,-35.6381,0.6882,12.2832,9.4622,0.05,0.526819,
1199,-23.4552,0.6696,13.8349,6.6626,0.05,0.508969,
1200,7.6373,0.7281,12.4153,1.0933,0.05,0.57442,11.3051
1201,9.381,0.7218,13.815,0.0,0.05,0.448288,
1202,-3.3041,0.7144,13.6994,2.5204,0.05,0.467917,
1203,7.0968,0.708,12.4366,0.2015,0.05,0.49518,
1204,-1.4125,0.6698,15.5172,2.2004,0.05,0.507109,
1205,1.7953,0.6986,14.9132,0.9712,0.05,0.54114,
1206,-11.8476,0.7018,15.1693,4.0865,0.05,0.500732,
1207,-85.4878,0.7342,6.9328,21.6239,0.05,0.522734,
1208,5.0023,0.7069,14.6072,0.9505,0.05,0.542153,
1209,-25.7949,0.7269,10.7594,8.261,0.05,0.5067,
1210,1.0036,0.7162,14.0651,1.5099,0.05,0.485481,
1211,7.5685,0.7397,13.0208,0.5539,0.05,0.519169,
1212,-10.9813,0.6561,15.5452,2.6789,0.05,0.555735,
1213,-30.7848,0.7424,11.0786,8.968,0.05,0.528855,
1214,6.7991,0.6973,15.4166,0.0,0.05,0.655529,
1215,-84.8372,0.7225,6.1782,20.6983,0.05,0.498087,
1216,-41.1719,0.7002,11.968,9.6533,0.05,0.520288,
1217,8.8688,0.6819,16.1178,0.0,0.05,0.570074,
1218,-2.2377,0.6915,13.5317,2.2916,0.05,0.48949,
1219,10.7297,0.7268,14.0045,0.0,0.05,0.459089,
1220,7.3306,0.7524,11.9412,1.6513,0.05,0.5127,
1221,9.9795,0.7343,13.4065,0.5014,0.05,0.541115,
1222,-44.3721,0.7201,9.8623,12.4371,0.05,0.488144,
1223,-64.808,0.7811,5.3184,17.5666,0.05,0.611635,
1224,10.0675,0.6745,15.9081,0.0,0.05,0.475879,
1225,-24.7679,0.7028,11.3517,7.9788,0.05,0.518751,11.012
1226,10.4297,0.76,11.4414,0.0,0.05,0.467672,
1227,9.9199,0.7327,12.6822,0.7764,0.05,0.437381,
1228,-1.765,0.7137,14.5498,1.396,0.05,0.572096,
1229,-0.9683,0.7399,13.2916,1.4933,0.05,0.401105,
1230,8.0016,0.6919,15.6399,0.0,0.05,0.44216,
1231,11.9116,0.7259,14.8122,0.0,0.05,0.537933,
1232,12.1277,0.7188,13.9211,0.0,0.05,0.504072,
1233,12.6601,0.7087,13.0002,0.0,0.05,0.519059,
1234,10.0118,0.757,11.7362,0.4863,0.05,0.464672,
1235,1.4724,0.6947,14.5016,1.7264,0.05,0.498241,
1236,10.8599,0.7283,14.1491,0.0,0.05,0.496623,
1237,-4.7006,0.7093,14.0953,2.4404,0.05,0.508321,
1238,0.1283,0.7262,14.0816,1.2475,0.05,0.545251,
1239,9.2699,0.7042,14.0256,0.0,0.05,0.447664,
1240,-12.0028,0.7028,13.3923,4.2882,0.05,0.505691,
1241,7.7787,0.7146,13.591,0.4229,0.05,0.460704,
1242,-0.6482,0.7394,12.8634,1.8854,0.05,0.589537,
1243,9.0804,0.7208,13.6226,0.1821,0.05,0.494648,
1244,12.5844,0.7239,13.1441,0.0,0.05,0.446146,
1245,8.3192,0.7023,14.4488,0.0,0.05,0.529432,
1246,12.3976,0.7107,12.4,0.0,0.05,0.651155,
1247,1.5514,0.7683,10.9602,2.5724,0.05,0.458149,
1248,7.0906,0.7042,14.2932,0.0,0.05,0.502757,
1249,4.4907,0.7184,13.298,1.498,0.05,0.555295,
1250,3.5004,0.6539,16.3924,0.0,0.05,0.493193,11.6962
1251,-2.5795,0.7428,12.4507,2.8407,0.05,0.469051,
1252,11.7725,0.7373,13.8636,0.0,0.05,0.587991,
1253,13.5466,0.7188,13.4832,0.0,0.05,0.568198,
1254,-27.2364,0.6877,12.8511,7.4887,0.05,0.509804,
1255,7.8296,0.7179,14.0416,0.2402,0.05,0.539939,
1256,7.4836,0.7481,13.0595,0.4016,0.05,0.569543,
1257,-40.5368,0.7144,10.8719,10.8365,0.05,0.480051,
1258,-12.8592,0.6359,16.3205,3.0428,0.05,0.564336,
1259,14.4411,0.7661,12.5291,0.0,0.05,0.47952,
1260,-24.2643,0.7245,13.0182,6.6492,0.05,0.561024,
1261,7.8427,0.7119,13.6957,0.2098,0.05,0.46003,
1262,-18.3686,0.6931,15.1915,3.912,0.05,0.549441,
1263,-31.6543,0.717,10.4355,10.0619,0.05,0.57652,
1264,13.2876,0.75,13.1563,0.0,0.05,0.490514,
1265,8.6919,0.6653,15.2257,0.0,0.05,0.545077,
1266,-32.7668,0.738,9.8532,9.6191,0.05,0.51456,
1267,11.7328,0.7185,12.7973,0.0607,0.05,0.440062,
1268,0.9295,0.6998,15.4828,2.2531,0.05,0.476269,
1269,2.675,0.667,16.212,0.0174,0.05,0.49601,
1270,-5.8099,0.7142,13.263,3.6569,0.05,0.454796,
1271,-27.9794,0.7245,10.0548,8.1835,0.05,0.505755,
1272,-6.2112,0.7117,14.02,2.7087,0.05,0.585788,
1273,12.6704,0.7457,13.2277,0.0,0.05,0.500465,
1274,0.82,0.7245,14.2185,0.6461,0.05,0.490997,
1275,10.9987,0.7355,11.3541,0.0293,0.05,0.558996,11.1668
1276,1.2449,0.73,12.6333,1.4703,0.05,0.574234,
1277,6.1026,0.7208,14.3292,0.0,0.05,0.50028,
1278,-40.9789,0.7018,11.7482,10.7282,0.05,0.555131,
1279,3.3129,0.6767,16.0414,0.4472,0.05,0.43903,
1280,12.2093,0.7106,14.2055,0.0,0.05,0.44452,
1281,8.5053,0.6959,15.0686,0.0,0.05,0.576456,
1282,8.335,0.7095,14.7005,0.1111,0.05,0.526243,
1283,3.6672,0.6788,16.7077,0.0651,0.05,0.469115,
1284,13.8568,0.7384,12.8545,0.0,0.05,0.503304,
1285,4.5153,0.6771,15.7176,0.1495,0.05,0.478618,
1286,-17.5644,0.7174,11.5926,5.7811,0.05,0.573329,
1287,-13.5637,0.7103,13.8971,3.7569,0.05,0.505009,
1288,10.9415,0.7227,13.8101,0.0,0.05,0.468094,
1289,-33.0854,0.7104,10.0164,8.9154,0.05,0.512505,
1290,2.604,0.7029,15.133,0.9526,0.05,0.472587,
1291,5.7452,0.6933,15.946,0.032,0.05,0.472974,
1292,7.1796,0.6654,15.8865,0.0,0.05,0.521131,
1293,-9.6958,0.7202,11.374,4.1174,0.05,0.526734,
1294,10.9742,0.7142,13.8753,0.0,0.05,0.42788,
1295,13.4049,0.7817,11.2244,0.0,0.05,0.500404,
1296,2.9485,0.6729,16.7284,0.059,0.05,0.55501,
1297,4.9878,0.7169,14.1203,0.5796,0.05,0.548507,
1298,6.2801,0.6953,14.6251,0.0,0.05,0.513245,
1299,-3.3937,0.6667,14.2701,1.5491,0.05,0.486974,
1300,-0.0658,0.7418,12.8869,1.4749,0.05,0.456131,11.4807
1301,7.6868,0.6824,15.464,0.0,0.05,0.526654,
1302,10.8845,0.7352,13.7344,0.0,0.05,0.53108,
1303,11.8543,0.7336,12.9369,0.0314,0.05,0.548355,
1304,-49.8854,0.6765,12.1587,12.4785,0.05,0.516243,
1305,10.4739,0.7285,14.1009,0.0,0.05,0.536999,
1306,7.174,0.7216,14.2343,0.5116,0.05,0.473416,
1307,-48.1166,0.7042,11.8416,12.7481,0.05,0.561745,
1308,-27.9122,0.7405,11.2758,8.4163,0.05,0.505479,
1309,-35.7039,0.6953,12.0546,9.2173,0.05,0.53985,
1310,-4.5309,0.6771,14.6654,2.5797,0.05,0.522844,
1311,-15.8025,0.7385,11.7763,6.3211,0.05,0.459582,
1312,11.0931,0.7233,14.242,0.0,0.05,0.538774,
1313,-16.9968,0.7265,11.5259,6.6786,0.05,0.523966,
1314,5.4968,0.7175,14.8599,0.2279,0.05,0.461557,
1315,-10.1773,0.7053,14.1811,4.3389,0.05,0.560637,
1316,-6.6792,0.7332,13.3399,2.8526,0.05,0.531913,
1317,13.9014,0.7412,12.807,0.0,0.05,0.552578,
1318,4.3687,0.7026,12.6406,1.0595,0.05,0.47905,
1319,11.6458,0.708,14.6995,0.0,0.05,0.53352,
1320,-42.3519,0.73,9.5951,11.7662,0.05,0.545698,
1321,-41.1648,0.7279,9.4843,11.3308,0.05,0.551797,
1322,11.8547,0.724,13.7265,0.5151,0.05,0.462628,
1323,10.5453,0.6938,15.1569,0.0,0.05,0.446447,
1324,13.5016,0.7093,13.6043,0.0,0.05,0.509443,
1325,11.0154,0.78,10.7382,0.1462,0.05,0.566502,11.1145
1326,-2.6316,0.7126,13.3451,1.9478,0.05,0.503483,
1327,8.6131,0.7304,13.5299,0.0,0.05,0.411955,
1328,3.1725,0.7068,15.3815,0.7693,0.05,0.539742,
1329,-1.4656,0.6942,14.962,1.53,0.05,0.618432,
1330,8.1823,0.7287,13.132,0.0,0.05,0.508324,
1331,-7.388,0.674,13.1768,3.869,0.05,0.556936,
1332,10.3311,0.7126,15.0665,0.0,0.05,0.567602,
1333,0.8339,0.7134,14.6259,0.819,0.05,0.477191,
1334,3.0775,0.7225,13.7103,0.6919,0.05,0.530276,
1335,-5.3924,0.6969,14.3618,2.3594,0.05,0.471621,
1336,-2.744,0.707,13.9859,3.0055,0.05,0.471898,
1337,0.9718,0.7447,12.8774,0.9032,0.05,0.502493,
1338,1.8753,0.69,15.6769,0.419,0.05,0.467165,
1339,9.8943,0.7069,14.65,0.0,0.05,0.444335,
1340,-12.8909,0.7111,13.3632,3.8656,0.05,0.441229,
1341,8.035,0.735,14.0777,0.1028,0.05,0.410548,
1342,11.9384,0.718,14.1671,0.0,0.05,0.496396,
1343,-20.4118,0.7086,11.4328,6.2902,0.05,0.564174,
1344,7.6325,0.718,13.8184,0.2032,0.05,0.559309,
1345,11.6394,0.7549,12.5994,0.0,0.05,0.460245,
1346,15.7151,0.7573,12.4722,0.0,0.05,0.468502,
1347,11.6366,0.7679,11.2646,0.2314,0.05,0.461507,
1348,10.0074,0.7423,12.9807,0.0,0.05,0.433326,
1349,-31.2786,0.7185,11.9883,8.8418,0.05,0.507192,
1350,4.0478,0.7438,13.3121,0.4974,0.05,0.486683,11.6886
1351,-41.7729,0.7184,10.8439,11.3211,0.05,0.410589,
1352,-7.0677,0.7036,14.389,3.205,0.05,0.447256,
1353,-3.415,0.7201,13.8875,2.2888,0.05,0.423057,
1354,11.6957,0.7163,14.7425,0.0,0.05,0.526666,
1355,8.897,0.7066,15.8171,0.0,0.05,0.51754,
1356,7.5857,0.7426,12.6238,0.9254,0.05,0.483295,
1357,13.0698,0.7573,11.9482,0.4207,0.05,0.504929,
1358,6.3879,0.7307,14.4348,0.6298,0.05,0.533885,
1359,3.5469,0.7228,13.2002,0.7677,0.05,0.551846,
1360,10.8014,0.6942,14.7808,0.0,0.05,0.459349,
1361,12.2965,0.7105,13.5131,0.0,0.05,0.493743,
1362,17.0258,0.756,11.2359,0.0,0.05,0.531053,
1363,-43.5498,0.7164,9.8272,10.0836,0.05,0.468424,
1364,-1.6638,0.7255,12.8283,1.1756,0.05,0.465494,
1365,13.6242,0.7403,13.1342,0.0,0.05,0.509268,
1366,2.6253,0.6877,14.4179,1.1807,0.05,0.501284,
1367,12.3385,0.743,13.2533,0.0,0.05,0.546652,
1368,8.9171,0.7404,12.4607,0.1402,0.05,0.538973,
1369,11.2332,0.6881,14.0702,0.0873,0.05,0.605029,
1370,0.1747,0.7197,13.8417,1.8298,0.05,0.506006,
1371,5.4907,0.6463,16.7461,0.0,0.05,0.552059,
1372,15.0684,0.7471,11.2148,0.0,0.05,0.429698,
1373,-29.6957,0.7541,8.9196,9.6707,0.05,0.438881,
1374,-74.7442,0.6832,9.6246,18.0752,0.05,0.549522,
1375,-14.7155,0.723,13.0097,4.702,0.05,0.499554,10.7198
1376,5.4602,0.7522,12.1859,1.2555,0.05,0.447442,
1377,4.3987,0.7136,15.1246,0.6148,0.05,0.48355,
1378,12.7459,0.7374,12.9547,0.0,0.05,0.478237,
1379,5.3134,0.6928,14.8909,0.0,0.05,0.406013,
1380,-22.1086,0.7027,12.678,7.2895,0.05,0.529374,
1381,2.9888,0.7192,14.6636,1.1929,0.05,0.461784,
1382,10.6833,0.7305,13.1837,0.5916,0.05,0.478987,
1383,-2.5079,0.728,13.6057,2.1012,0.05,0.551856,
1384,8.8649,0.6882,15.5438,0.0,0.05,0.493627,
1385,-2.9739,0.6387,16.5135,1.0914,0.05,0.505695,
1386,5.8703,0.6885,14.8886,0.1202,0.05,0.484711,
1387,12.6773,0.742,13.2832,0.0,0.05,0.486349,
1388,-4.1205,0.715,13.0907,2.5499,0.05,0.539874,
1389,9.122,0.7016,14.8029,0.0,0.05,0.519265,
1390,-40.4208,0.7628,9.3776,11.7294,0.05,0.497249,
1391,7.6636,0.6611,17.1133,0.0,0.05,0.538959,
1392,11.8885,0.7461,13.4726,0.0,0.05,0.385256,
1393,9.3482,0.7189,13.2539,0.0686,0.05,0.44466,
1394,9.2376,0.7379,13.3674,0.5585,0.05,0.41994,
1395,0.1976,0.7144,14.8711,1.8524,0.05,0.526481,
1396,-10.3216,0.6945,13.196,2.4702,0.05,0.495307,
1397,-7.2587,0.7482,12.5053,3.6391,0.05,0.532533,
1398,-5.537,0.7189,13.0877,2.529,0.05,0.507779,
1399,-0.0421,0.7294,14.147,1.1444,0.05,0.492023,
1400,7.3422,0.7502,12.6122,1.0007,0.05,0.523213,11.1722
1401,15.7186,0.7719,11.6133,0.0,0.05,0.442693,
1402,15.6058,0.7638,12.1574,0.0,0.05,0.505496,
1403,12.4098,0.7192,13.5783,0.0,0.05,0.493305,
1404,0.2169,0.6507,16.5671,1.2675,0.05,0.486779,
1405,12.2313,0.7077,14.1161,0.0,0.05,0.488568,
1406,2.9609,0.7323,11.7025,1.9491,0.05,0.459327,
1407,6.9365,0.7336,13.6301,0.0,0.05,0.437122,
1408,11.7352,0.7129,13.7085,0.0,0.05,0.487076,
1409,-42.8954,0.696,11.2457,11.6332,0.05,0.518115,
1410,4.8364,0.696,15.3048,0.6618,0.05,0.565818,
1411,5.9239,0.7268,13.5553,0.0368,0.05,0.576415,
1412,-5.7127,0.6852,14.3932,2.472,0.05,0.468933,
1413,10.9459,0.7201,13.6981,0.0,0.05,0.506663,
1414,3.8013,0.705,12.7484,1.2023,0.05,0.45244,
1415,-45.9444,0.6991,12.1307,11.9405,0.05,0.475635,
1416,3.9816,0.6914,14.4397,0.7492,0.05,0.441879,
1417,6.0668,0.7458,13.7452,0.6687,0.05,0.450976,
1418,-2.511,0.7326,12.5577,1.783,0.05,0.424298,
1419,-26.0042,0.6521,12.2903,7.814,0.05,0.512986,
1420,-12.4813,0.7383,12.273,5.077,0.05,0.504518,
1421,6.7682,0.6998,15.1365,0.0,0.05,0.500075,
1422,10.1323,0.6826,15.1823,0.0,0.05,0.526735,
1423,-0.643,0.7001,14.373,1.1434,0.05,0.495148,
1424,9.8957,0.7528,12.3337,0.0,0.05,0.453631,
1425,-15.9649,0.7557,11.437,6.0068,0.05,0.4752,11.4131
1426,10.0148,0.7034,14.5714,0.0,0.05,0.572771,
1427,4.9916,0.7316,13.6801,0.4913,0.05,0.441529,
1428,7.5566,0.7385,13.1599,0.4968,0.05,0.518344,
1429,8.6297,0.7074,14.4244,0.1368,0.05,0.483505,
1430,11.4864,0.7248,11.4251,0.0,0.05,0.555485,
1431,6.3386,0.6991,15.9539,0.1648,0.05,0.472091,
1432,9.755,0.6866,15.2101,0.0,0.05,0.499621,
1433,11.8577,0.72,13.9669,0.0,0.05,0.485959,
1434,-4.6774,0.715,14.543,1.1847,0.05,0.453954,
1435,-4.0768,0.6564,16.0523,1.8841,0.05,0.461598,
1436,10.8848,0.7057,14.4134,0.0,0.05,0.436384,
1437,11.7351,0.735,12.8309,0.1667,0.05,0.541755,
1438,6.1437,0.7115,15.0151,0.2071,0.05,0.524209,
1439,5.6232,0.6883,16.7608,0.0,0.05,0.524835,
1440,9.0938,0.6916,15.7765,0.0,0.05,0.429325,
1441,9.9218,0.7332,13.4186,0.0,0.05,0.560487,
1442,-91.5199,0.6902,8.6909,21.4877,0.05,0.445185,
1443,-21.1684,0.7323,11.8353,6.2677,0.05,0.428333,
1444,1.1736,0.7138,14.6213,0.963,0.05,0.513585,
1445,-2.0959,0.7007,14.6765,1.2917,0.05,0.508542,
1446,-36.1584,0.7363,10.7146,10.3694,0.05,0.419035,
1447,8.288,0.684,14.9287,0.0,0.05,0.457228,
1448,2.7037,0.686,16.1768,0.1181,0.05,0.476848,
1449,11.0248,0.7542,12.5645,0.0,0.05,0.462996,
1450,-27.5662,0.7265,11.5873,8.6983,0.05,0.517578,10.9979
1451,7.1673,0.7067,14.6264,0.0,0.05,0.448498,
1452,-35.7919,0.6982,10.3353,10.5815,0.05,0.501707,
1453,4.3981,0.7033,14.6785,0.0,0.05,0.456191,
1454,10.9151,0.6928,12.8825,0.0,0.05,0.48246,
1455,6.3814,0.7059,14.8423,0.6467,0.05,0.432706,
1456,6.017,0.6995,14.845,0.0,0.05,0.40659,
1457,8.46,0.6987,14.9755,0.0,0.05,0.492637,
1458,-42.6959,0.7194,10.2824,11.4723,0.05,0.534338,
1459,-21.4799,0.6908,11.2384,6.4082,0.05,0.5392,
1460,6.2101,0.7102,15.3375,0.2128,0.05,0.557106,
1461,9.4501,0.7155,15.3058,0.0,0.05,0.450312,
1462,10.9095,0.7253,14.7371,0.0,0.05,0.466102,
1463,-28.0589,0.729,10.7749,8.8438,0.05,0.45835,
1464,8.1019,0.7342,12.2187,0.0401,0.05,0.535111,
1465,12.1869,0.7239,14.821,0.0,0.05,0.493652,
1466,-6.9645,0.7091,13.6027,2.2351,0.05,0.473093,
1467,3.2518,0.7074,14.3915,0.3199,0.05,0.519313,
1468,7.5395,0.7262,14.3148,0.252,0.05,0.418758,
1469,-14.988,0.6954,14.2979,4.3947,0.05,0.514398,
1470,4.504,0.6975,15.9124,0.2419,0.05,0.509794,
1471,-13.138,0.6937,12.4808,3.5942,0.05,0.497584,
1472,6.2259,0.7299,14.044,0.0,0.05,0.488938,
1473,13.9936,0.7753,11.0423,0.0,0.05,0.578797,
1474,1.4761,0.7262,13.5567,1.0371,0.05,0.449776,
1475,-52.1428,0.7504,8.4992,13.9459,0.05,0.498106,11.2314
1476,-41.6453,0.686,12.0208,10.1832,0.05,0.54175,
1477,6.5715,0.7207,14.4508,0.4188,0.05,0.507726,
1478,12.1535,0.7027,14.8406,0.0,0.05,0.506605,
1479,10.9399,0.7098,14.0669,0.0,0.05,0.484229,
1480,1.1459,0.6923,15.4798,1.0375,0.05,0.544001,
1481,-1.4934,0.6804,15.021,0.8567,0.05,0.505467,
1482,-44.7848,0.7209,10.3607,10.3441,0.05,0.432031,
1483,11.5822,0.7294,12.6539,0.0,0.05,0.4739,
1484,-10.7888,0.6669,14.7093,3.0054,0.05,0.452799,
1485,-2.5484,0.7438,11.9065,3.2182,0.05,0.481369,
1486,10.34,0.7282,13.1109,0.207,0.05,0.435416,
1487,-9.6219,0.693,14.9952,2.8329,0.05,0.420332,
1488,0.1016,0.6609,15.7437,1.5988,0.05,0.524711,
1489,7.7691,0.6767,15.6648,0.0,0.05,0.419658,
1490,5.8052,0.7351,12.9355,1.0662,0.05,0.456355,
1491,-2.0907,0.6482,14.0001,1.9342,0.05,0.354866,
1492,10.3108,0.7042,15.0363,0.0,0.05,0.514282,
1493,3.9369,0.7066,15.855,0.366,0.05,0.417232,
1494,13.6006,0.7387,13.8713,0.0,0.05,0.44657,
1495,-17.4256,0.7489,10.7,6.6467,0.05,0.526957,
1496,-1.6763,0.7431,12.4786,2.1728,0.05,0.506664,
1497,-5.0434,0.7244,13.3748,2.4442,0.05,0.46196,
1498,11.4162,0.7275,14.3805,0.0,0.05,0.428135,
1499,12.3063,0.7205,13.5173,0.0,0.05,0.432975,
1500,11.8286,0.7257,11.372,0.0,0.05,0.521735,11.3338
